ID,Description,setSize,enrichmentScore,NES,pvalue,p.adjust,qvalue,rank,leading_edge,core_enrichment
hsa00190,Oxidative phosphorylation,108,-0.5337688771398771,-2.52477629991697,1e-10,1.6450000000000002e-8,1.3157894736842107e-8,5874,"tags=65%, list=27%, signal=48%",NDUFA7/NDUFS3/NDUFC1/ATP5PF/COX4I1/SDHD/PPA1/ATP5ME/ATP5MF/COX6B2/ATP6V1C2/NDUFAB1/COX7C/NDUFS7/ATP5MC2/UQCR10/ATP5F1B/UQCR11/ATP5MC3/NDUFB1/ATP6V1F/UQCRHL/ATP5F1E/NDUFA10/ATP5MG/NDUFA13/NDUFB4/ATP5PD/COX5A/UQCRQ/COX8A/COX5B/NDUFB2/NDUFB10/UQCRFS1/NDUFB3/UQCRC1/UQCRH/NDUFS4/NDUFA11/NDUFV1/SDHC/COX7B/COX6C/CYC1/ATP6V0E2/NDUFA6/NDUFS6/NDUFS8/NDUFC2/ATP5F1D/COX7A2/NDUFV2/NDUFA2/NDUFC2-KCTD14/ATP6V0C/NDUFS5/TCIRG1/ATP6AP1/COX6B1/ATP6V0B/NDUFA4/NDUFB8/ATP6V0E1/NDUFA1/NDUFA3/ATP5MC1/NDUFB11/COX7A2L/NDUFA4L2
hsa03010,Ribosome,131,-0.4851751451354094,-2.300734728184311,1e-10,1.6450000000000002e-8,1.3157894736842107e-8,6250,"tags=73%, list=29%, signal=53%",RPS20/RPL10A/RPL5/MRPS15/RPL7A/MRPL12/RPS2/RPL15/RPL8/MRPL24/RPS3A/RPL23/RPL34/RPS26/MRPL28/RPS19/RPS13/MRPS10/RPS23/RPL21/RPS11/MRPL16/RPL41/RPL18A/MRPS7/RPL27/RPL30/RPS4X/MRPL34/RPL14/MRPS18C/RPS24/RPL36/RPL24/RPS9/MRPL32/RPS5/RPL31/RPL35/RPL28/MRPS5/MRPL22/RPS14/RPL38/RPL22/RPL18/RPL35A/MRPL15/RPL37/MRPL17/RPSA/RPLP0/RPS27/RPS8/MRPL36/RPS12/RPS25/RPL32/RPS15/RPL26/RPL37A/RPLP1/RPS18/RPL36A/RPS17/MRPS16/MRPL9/MRPL20/RPL29/MRPL10/MRPS11/MRPS18A/MRPS2/MRPL18/RPS21/MRPL21/MRPL27/RSL24D1/RPS10/MRPL2/RPL27A/MRPL23/RPLP2/RPS27A/RPL39/FAU/RPS3/MRPL11/MRPL14/MRPS17/RPS15A/RPL10/MRPS6/RPS28/MRPS12/RPS16
hsa04668,TNF signaling pathway,114,-0.4744719609557615,-2.282926010814051,2.6510481611758413e-9,2.1804871125671296e-7,1.7441106323525274e-7,2639,"tags=34%, list=12%, signal=30%",PIK3CD/RPS6KA4/PGAM5/JUNB/ATF4/FADD/CEBPB/TRAF2/JAG1/CREB3/RHBDF2/CSF1/JUN/LIF/SOCS3/RELA/EDN1/MMP9/FRMD8/MAP2K1/BIRC3/MAPK11/CXCL6/MAP3K14/NFKBIA/AKT2/LTA/IRF1/TRAF1/CSF2/IFNB1/CCL20/TNF/CCL5/SELE/CX3CL1/TNFRSF1B/CXCL2/ICAM1
hsa04740,Olfactory transduction,115,0.5836629522219354,1.9345944606579335,2.3774795934914896e-9,2.1804871125671296e-7,1.7441106323525274e-7,7386,"tags=77%, list=34%, signal=51%",PDE1C/OR51B4/ANO2/OR51B5/PDE1B/OR2W3/OR51B2/PDE1A/OR2H2/PRKG2/OR2T8/OR51E2/OR2M4/OR6C70/OR1E1/OR3A2/NCALD/OR3A3/OR6C2/OR7C1/OR51B6/CNGA2/OR10AC1/OR52D1/OR2AT4/OR51I1/OR9H1P/OR52N2/SLC8A3/OR3A1/OR7A5/OR51M1/PRKG1/OR2T33/OR10Z1/OR11H7/OR2A42/OR51I2/OR14I1/OR8K3/OR2M3/OR6F1/OR2L2/OR52A5/OR5B21/OR10A3/OR10H5/OR7D2/OR2A1/OR2L13/OR51Q1/GNG7/OR10H1/OR4F16/CNGB1/OR1C1/OR4F3/OR1E2/OR4F29/OR4F15/OR13A1/OR14K1/SLC8A2/OR2B2/OR10A6/OR1B1/OR14A2/OR52K1/OR6C76/OR2B6/OR5B12/SLC24A4/OR11A1/OR5M11/OR2AG1/OR5AP2/GNAL/OR51C1P/CNGA4/OR52N4/CAMK2D/OR2AK2/OR2B11/OR8D1/OR2A7/OR4A47/OR2L3/CNGA3
hsa04932,Non-alcoholic fatty liver disease,134,-0.38346048094750895,-1.942007450359151,1.230503615646302e-6,8.096713790952667e-5,6.476334819191064e-5,5874,"tags=56%, list=27%, signal=41%",NDUFA7/NDUFS3/NDUFC1/MAPK13/COX4I1/SDHD/CDC42/MLXIPL/ADIPOR1/RXRA/NFKB1/COX6B2/PPARG/NDUFAB1/COX7C/NDUFS7/UQCR10/UQCR11/NDUFB1/UQCRHL/NDUFA10/NDUFA13/NDUFB4/COX5A/CEBPA/UQCRQ/COX8A/COX5B/NDUFB2/NDUFB10/UQCRFS1/NDUFB3/UQCRC1/UQCRH/NDUFS4/NDUFA11/NDUFV1/SDHC/COX7B/COX6C/CYC1/XBP1/NDUFA6/NDUFS6/NDUFS8/BID/NDUFC2/COX7A2/NDUFV2/NDUFA2/NDUFC2-KCTD14/IRS2/MAP3K11/DDIT3/PRKAB1/NDUFS5/PIK3CD/ATF4/TRAF2/COX6B1/NDUFA4/NDUFB8/IL6R/CXCL8/NDUFA1/NDUFA3/JUN/SOCS3/NDUFB11/RELA/MAPK11/COX7A2L/NDUFA4L2/AKT2/TNF
hsa05208,Chemical carcinogenesis - reactive oxygen species,179,-0.3317053303032816,-1.7473388739285323,3.679717670255645e-6,2.0177118558568455e-4,1.613911258884055e-4,4602,"tags=45%, list=21%, signal=36%",SLC26A9/ATP5MC2/SLC25A5/UQCR10/ATP5F1B/UQCR11/ATP5MC3/NDUFB1/MGST3/UQCRHL/ATP5F1E/CYP1A1/NDUFA10/GSTT2B/NDUFA13/NDUFB4/ATP5PD/COX5A/AKR1A1/SOD1/UQCRQ/COX8A/COX5B/NDUFB2/NDUFB10/UQCRFS1/NDUFB3/UQCRC1/UQCRH/MAP2K2/NDUFS4/NDUFA11/NDUFV1/SDHC/GSTM3/COX7B/COX6C/PRKD2/CYC1/NDUFA6/PPIF/IKBKG/NDUFS6/NDUFS8/NDUFC2/ATP5F1D/BAD/KEAP1/COX7A2/NDUFV2/NDUFA2/NDUFC2-KCTD14/PLD2/NDUFS5/GRB2/PIK3CD/VDAC2/COX6B1/PRKCD/NDUFA4/EPHX2/NDUFB8/NQO1/NDUFA1/NDUFA3/JUN/ATP5MC1/NDUFB11/GSTO1/RELA/HRAS/MAP2K1/MAPK11/EPHX4/COX7A2L/MAP3K14/NDUFA4L2/NFKBIA/AKT2/HMOX1/CYBA
hsa04924,Renin secretion,55,0.6185385935939707,1.9051013857041688,6.078678283902651e-6,2.856978793434246e-4,2.2852173999634028e-4,2198,"tags=33%, list=10%, signal=29%",PDE1C/PDE3A/EDNRA/GUCY1B1/CLCA2/PDE1B/ADCYAP1/CACNA1C/KCNJ2/PDE1A/ADCYAP1R1/PRKG2/GUCY1A1/NPPA/GUCY1A2/PLCB4/ADORA1/AGT
hsa03050,Proteasome,43,-0.5585030897575083,-2.2348386346602003,7.2935962751745295e-6,2.9994914681655255e-4,2.3992093010442536e-4,6306,"tags=67%, list=29%, signal=48%",PSMC1/PSMA4/POMP/PSMB9/SEM1/PSMD9/PSMD14/PSMF1/PSMD3/PSMD11/PSME2/PSMB5/PSMB1/PSMA6/PSMB4/PSMB3/PSMB2/PSMA2/PSMB10/PSMD4/PSMD13/PSMB7/ADRM1/PSMD2/PSMA7/PSMB6/PSMD8/IFNG/PSMC4
hsa04061,Viral protein interaction with cytokine and cytokine receptor,80,-0.4330618239113642,-1.9947849678473284,9.173857477903827e-6,3.0181991102303586e-4,2.4141730205010073e-4,1956,"tags=39%, list=9%, signal=35%",IL6R/CCR10/CXCL8/CSF1/CCL27/CCL4/IL34/CXCR4/CXCR2/CCL11/CXCL6/IL2RG/CXCL12/CXCR3/IL2RA/CCL19/LTA/CCL4L2/CCL3/CCL3L1/CCL20/IL18/CCL17/TNFRSF10A/TNFRSF10D/TNF/CCL5/CX3CL1/TNFRSF1B/CCL22/CXCL2
hsa04380,Osteoclast differentiation,118,-0.38092711915424277,-1.8284854172438594,8.859588824898094e-6,3.0181991102303586e-4,2.4141730205010073e-4,1784,"tags=26%, list=8%, signal=24%",CSF1/RELB/JUN/SOCS3/ITPR3/RELA/FOSB/NFKB2/MAP2K1/LILRB4/MAPK11/IFNGR2/FOSL1/TYROBP/SOCS1/MAP3K14/IFNG/NFKBIA/AKT2/TNFRSF11A/LILRB2/SQSTM1/IFNB1/ATP2A3/OSCAR/LCK/NCF4/LILRA2/NFATC1/TNF/CYBA
hsa04514,Cell adhesion molecules,133,0.5037958210637415,1.6883069358866323,1.1967538331240124e-5,3.57938191907091e-4,2.8630474476651016e-4,2774,"tags=35%, list=13%, signal=31%",ITGA4/HLA-DRA/NLGN4X/SLITRK4/NLGN4Y/PTPRD/NTNG1/NRXN3/SELL/CADM3/VCAN/IGSF11/NCAM2/HLA-DPB1/SLITRK6/LRRC4C/NRCAM/CTLA4/HLA-DRB5/CD226/SLITRK5/HLA-DOA/CNTNAP2/CD4/HLA-DPA1/HLA-DMB/NCAM1/CDH4/HLA-DQB2/SLITRK2/NECTIN3/VTCN1/CLDN20/LRRC4/PECAM1/CD28/PTPRC/HLA-DQA2/NEO1/SPN/SELPLG/SDC2/HLA-DMA/CDH2/JAM2/MPZ/HLA-DRB1
hsa04064,NF-kappa B signaling pathway,93,-0.40343428085938926,-1.8767837810241053,1.4359081269762512e-5,3.936781448126555e-4,3.14892133108827e-4,2040,"tags=33%, list=9%, signal=30%",BCL2L1/TICAM1/GADD45B/BCL10/CXCL8/IRAK1/UBE2I/RELB/CCL4/RELA/NFKB2/BIRC3/GADD45A/PPP1R13L/MAP3K14/CXCL12/NFKBIA/EDARADD/GADD45G/CCL19/LTA/TNFRSF11A/LTB/TRAF1/CCL4L2/LCK/BCL2A1/TNF/PLAU/CXCL2/ICAM1
hsa04657,IL-17 signaling pathway,86,-0.39969941202981774,-1.8700307608567956,1.8700075618721368e-5,4.732557598891792e-4,3.7854404086480506e-4,2515,"tags=33%, list=12%, signal=29%",MAPK7/FADD/CEBPB/TRAF2/TRAF4/IL17RB/CXCL8/JUN/MAPK15/RELA/FOSB/MMP9/MAPK11/MMP1/LCN2/FOSL1/MUC5B/CCL11/CXCL6/IFNG/NFKBIA/CSF2/CCL20/CCL17/TNF/MUC5AC/CSF3/CXCL2
hsa05417,Lipid and atherosclerosis,176,-0.3215777396194421,-1.7154407637339413,2.332265981210039e-5,5.443660982281522e-4,4.3542321086878277e-4,2040,"tags=19%, list=9%, signal=17%",BCL2L1/TICAM1/CXCL8/IRAK1/JUN/RELA/HSPA1B/HSPA1A/HRAS/MMP9/MAPK11/MMP1/APOA1/NFKBIA/AKT2/HSPA6/CCL3/CCL3L1/TLR2/IFNB1/PYCARD/IL18/CYP2B6/NCF4/TNFRSF10A/NFATC1/OLR1/TNF/CCL5/SELE/CYBA/CXCL2/ICAM1
hsa04630,JAK-STAT signaling pathway,129,-0.3468883983680303,-1.6254950908807881,2.4819123019520617e-5,5.443660982281522e-4,4.3542321086878277e-4,2822,"tags=33%, list=13%, signal=29%",MPL/IFNAR2/IL22RA1/PDGFA/GRB2/PIK3CD/IL10RB/IL2RB/IL12RB1/CDKN1A/BCL2L1/IL4R/IL6R/EPOR/EPO/SOCS2/PIM1/LIF/SOCS3/CCND1/HRAS/CRLF2/CTF1/IL27/MYC/STAT5A/IFNGR2/SOCS1/IL2RG/IFNG/AKT2/IL2RA/CNTFR/CSF2/IFNB1/PDGFB/IL23A/PTPN6/IFNLR1/CSF3/IFNL1/IFNL2/IFNL3
hsa05415,Diabetic cardiomyopathy,165,-0.3056599345322228,-1.5817721045674318,8.493563269945945e-5,0.0017464889473826348,0.0013969676430832148,4561,"tags=42%, list=21%, signal=34%",ATP5MC2/SLC25A5/UQCR10/ATP5F1B/CAMK2B/UQCR11/GFPT2/ATP5MC3/NDUFB1/UQCRHL/ATP5F1E/SMAD3/NDUFA10/NDUFA13/NDUFB4/ATP5PD/COX5A/UQCRQ/COX8A/COX5B/NDUFB2/NDUFB10/UQCRFS1/CTSD/NDUFB3/UQCRC1/UQCRH/MPC2/NDUFS4/NDUFA11/NDUFV1/SDHC/COX7B/COX6C/CYC1/NDUFA6/PPIF/NDUFS6/NDUFS8/NDUFC2/ATP5F1D/COX7A2/NDUFV2/NDUFA2/NDUFC2-KCTD14/NDUFS5/PIK3CD/VDAC2/COX6B1/PRKCG/PRKCD/NDUFA4/NDUFB8/NDUFA1/NDUFA3/PPP1CA/G6PD/ATP5MC1/NDUFB11/RELA/PRKCZ/MMP9/MAPK11/COX7A2L/TNNI3/NDUFA4L2/AKT2/ATP2A3/NCF4/CYBA
hsa04650,Natural killer cell mediated cytotoxicity,96,-0.36942521880448337,-1.7545889331230315,1.9198948909075273e-4,0.003715561288873979,0.0029719735153367296,1340,"tags=32%, list=6%, signal=30%",NFATC2/BID/HLA-E/IFNAR2/GRB2/PIK3CD/ITGB2/ITGAL/HLA-G/PRKCG/PRF1/HRAS/MAP2K1/MICB/IFNGR2/TYROBP/IFNG/KIR2DS4/RAC3/LAT2/CSF2/IFNB1/HCST/PTPN6/RAET1L/LCK/TNFRSF10A/NFATC1/ULBP1/TNF/ICAM1
hsa04672,Intestinal immune network for IgA production,40,0.6046864444828479,1.7783275324504164,2.5466260589639985e-4,0.004654666518884198,0.0037231375131052615,4588,"tags=52%, list=21%, signal=41%",ITGA4/HLA-DRA/LTBR/HLA-DPB1/HLA-DRB5/HLA-DOA/HLA-DPA1/IL6/HLA-DMB/HLA-DQB2/CD28/HLA-DQA2/TNFSF13B/HLA-DMA/HLA-DRB1/PIGR/ITGB7/IL5/CD80/ICOS/CD86
hsa04820,Cytoskeleton in muscle cells,196,0.4356589430488294,1.4915017810299382,3.054781751339618e-4,0.005289595769424916,0.004230999655595039,4637,"tags=34%, list=21%, signal=27%",ITGA4/FN1/SNTB1/PDLIM3/ACTG2/NEB/COL6A3/VCAN/THBS4/CSRP3/ITGA11/SGCZ/MYOZ2/THBS2/MYH13/FMN2/DTNA/SYNPO2/COL4A3/SGCD/SGCG/DAAM2/MYH8/COL6A5/ANK3/MYBPC1/TMOD2/MYH1/NID2/MYL1/MYBPH/MYH2/MYH10/DSP/ATP1A2/MYBPHL/SDC2/DCN/MYL4/THBS1/COL11A1/MYH3/ANK2/LMOD2/MYH4/DAAM1/TRIM54/DES/MYOZ1/ITGB7/ACTA1/ATP1B2/SGCA/COL3A1/BGN/TTN/NRAP/ANKRD2/TRIM55/COL6A6/ACTN2/COL4A1/ITGA8/COL11A2/DMD/ITGA1/ACTC1
hsa04330,Notch signaling pathway,56,-0.4229474800387432,-1.7785017533455385,4.3467314155266277e-4,0.007150373178541302,0.005719383441482406,2290,"tags=25%, list=11%, signal=22%",JAG1/DTX4/DLL1/PSEN2/DVL1/PSENEN/HES1/JAG2/PTCRA/HES5/NRARP/DLL3/DLL4/HEYL
hsa01232,Nucleotide metabolism,79,-0.3703323858687042,-1.6954574802526492,4.945634570951028e-4,0.007395971699285856,0.0059158308264964455,4409,"tags=38%, list=20%, signal=30%",ITPA/TK1/GUK1/UCKL1/UCK2/HDDC2/DGUOK/AK1/HPRT1/CTPS1/NT5C3B/AK6/DTYMK/GMPR/CDA/ADA/NME1/ENTPD6/IMPDH1/NME2/PNP/NME1-NME2/DCTPP1/ENTPD8/TYMP/NME3/ENTPD3/UPP1/AMPD3/ENTPD2
hsa05418,Fluid shear stress and atherosclerosis,123,-0.3291580058003516,-1.5655302508190325,4.902525189115652e-4,0.007395971699285856,0.0059158308264964455,3363,"tags=30%, list=15%, signal=26%",CDH5/GSTM3/ARHGEF2/IKBKG/PIAS4/TXN/KEAP1/KDR/GSTP1/PDGFA/PIK3CD/BMP4/CAV3/MAPK7/CALM2/NQO1/SDC4/ASS1/JUN/GSTO1/RELA/PRKCZ/EDN1/CAV2/MMP9/MAPK11/IFNG/AKT2/DUSP1/HMOX1/RAC3/SQSTM1/PDGFB/TNF/SELE/CYBA/ICAM1
hsa05320,Autoimmune thyroid disease,31,0.618871574707231,1.755623418800546,5.554796459371353e-4,0.00761470014638823,0.0060907855914159575,4973,"tags=58%, list=23%, signal=45%",HLA-DRA/HLA-DPB1/CTLA4/HLA-DRB5/HLA-DOA/HLA-DPA1/HLA-DMB/HLA-DQB2/CD28/HLA-DQA2/GZMB/HLA-DMA/HLA-DRB1/CGA/IL5/CD80/CD86/TSHR
hsa04512,ECM-receptor interaction,77,0.5106860560351006,1.6375174026698314,5.436207597303981e-4,0.00761470014638823,0.0060907855914159575,4296,"tags=38%, list=20%, signal=30%",ITGA4/FN1/SPP1/COL6A3/FREM2/THBS4/LAMA4/TNC/ITGA11/FREM1/RELN/THBS2/FRAS1/COL4A3/COL6A5/SV2C/CD36/SV2A/IBSP/THBS1/DMP1/TNR/ITGB7/MEPE/GP1BB/COL6A6/COL4A1/ITGA8/HMMR
hsa05134,Legionellosis,55,-0.4249961445868892,-1.770018372282929,5.878841984239499e-4,0.00773655605125918,0.006188254720252104,3227,"tags=36%, list=15%, signal=31%",MYD88/BNIP3/RAB1B/VCP/CASP9/ITGB2/CXCL8/RELA/HSPA1B/HSPA1A/NFKB2/EEF1G/ITGAM/NFKBIA/HSPA6/TLR2/PYCARD/IL18/TNF/CXCL2
hsa04137,Mitophagy - animal,92,-0.3501771157100028,-1.6520931588597378,6.936812580482318e-4,0.008777735919148778,0.007021065364860647,4010,"tags=35%, list=18%, signal=28%",CSNK2B/MFN2/ATG9A/MTX1/TBC1D17/RRAS2/CITED2/NLRX1/MAP1LC3C/SMURF1/RRAS/TFE3/GABARAPL1/BNIP3/GABARAP/UBB/VCP/PGAM5/MON1A/ATF4/TRAF2/UBC/RPS27A/TOMM7/BCL2L1/ATG9B/JUN/RELA/HRAS/MAP1LC3A/ULK1/SQSTM1
hsa04217,Necroptosis,136,-0.3036038203495186,-1.5174413681228742,0.0010770180789759145,0.01312366474011392,0.01049725223173406,3018,"tags=32%, list=14%, signal=27%",H2AZ1/CAMK2B/RBCK1/CHMP4A/GLUD1/CHMP2A/CAPN2/JAK3/PLA2G4E/CHMP4B/SPATA2/AIFM1/BID/H2AB3/FTH1/PLA2G4F/IFNAR2/CHMP6/PGAM5/VDAC2/PLA2G4B/FADD/TRAF2/H2AB2/TICAM1/H2AC4/FTL/H2AB1/BIRC3/SPATA2L/STAT5A/IFNGR2/PYGB/IFNG/SQSTM1/ALOX15/ZBP1/IFNB1/PYCARD/TNFRSF10A/TNF/H2AJ/CHMP4C
hsa05032,Morphine addiction,79,0.4935033602979316,1.5802591048965438,0.0015339011889321697,0.01762836004718332,0.014100431968631675,2048,"tags=25%, list=9%, signal=23%",GABRB3/PDE1C/GABRE/PDE3A/GABRA5/PDE1B/PRKCB/GNG2/GABRG3/PDE1A/ADCY2/PDE11A/GABRQ/GABRG1/KCNJ6/GABRG2/CACNA1A/GNGT2/ADORA1/ADCY8
hsa04625,C-type lectin receptor signaling pathway,93,-0.32797566102011644,-1.5257488775173051,0.0015833294162939011,0.01762836004718332,0.014100431968631675,3153,"tags=28%, list=15%, signal=24%",NFATC2/IKBKG/BCL3/PLK3/PIK3CD/CALM2/PRKCD/BCL10/RELB/JUN/ITPR3/RELA/HRAS/NFKB2/MAPK11/CLEC4M/MAP3K14/NFKBIA/AKT2/IRF1/PYCARD/IL23A/CCL17/NFATC1/TNF/CCL22
hsa04210,Apoptosis,127,-0.3020824832012676,-1.3961497705698553,0.0016074492444240107,0.01762836004718332,0.014100431968631675,3139,"tags=26%, list=14%, signal=22%",IKBKG/LMNA/DIABLO/BID/BAD/DDIT3/PIK3CD/CASP9/ATF4/HTRA2/FADD/BBC3/TRAF2/BCL2L1/GADD45B/PRF1/JUN/ITPR3/RELA/HRAS/MAP2K1/BIRC3/BAK1/GADD45A/MAP3K14/NFKBIA/AKT2/GADD45G/TRAF1/TNFRSF10A/CTSW/BCL2A1/TNF
hsa05160,Hepatitis C,130,-0.30022814828096145,-1.4310688379228504,0.0019289390933088129,0.020471643925761274,0.01637469518937872,3441,"tags=28%, list=16%, signal=24%",MAP2K2/LDLR/CD81/CLDN10/IKBKG/BID/BAD/IFNAR2/GRB2/PIK3CD/CASP9/CLDN14/IRF3/FADD/TRAF2/CDKN1A/TICAM1/CLDN19/SOCS3/RELA/CCND1/HRAS/MAP2K1/BAK1/MYC/IFNG/CLDN9/NFKBIA/AKT2/CLDN1/CLDN6/CLDN18/CLDN3/IFNB1/CLDN4/CLDN7/TNF
hsa04670,Leukocyte transendothelial migration,101,-0.31949445502359647,-1.5173511001594524,0.002035522368804288,0.020927714354269086,0.01673949316450895,2719,"tags=28%, list=13%, signal=24%",PXN/PIK3CD/CLDN14/F11R/ITGB2/ITGAL/EZR/PRKCG/CLDN19/ACTN4/CXCR4/RHOH/MMP9/MAPK11/ITGAM/CXCL12/CLDN9/RAPGEF3/CLDN1/CLDN6/CLDN18/CLDN3/ESAM/CLDN4/CLDN7/NCF4/CYBA/ICAM1
hsa04080,Neuroactive ligand-receptor interaction,280,0.3882459916398369,1.3473032989294311,0.002240639529265294,0.022338497125099444,0.017867938829866776,4424,"tags=40%, list=20%, signal=32%",GABRB3/GABRE/P2RX7/EDNRA/NPFFR2/PTGFR/GABRA5/GHR/GABRG3/LYPD6/ADCYAP1/QRFPR/GRM7/EDNRB/GRPR/GRM8/PRLR/C3AR1/SSTR1/LPAR4/ADCYAP1R1/NMU/CCK/CNR1/GABRQ/S1PR1/GPR83/HTR2B/LYPD6B/CHRNA6/FPR3/GABRG1/OPRK1/BDKRB2/GRID2/BRS3/GNRHR/PATE2/CYSLTR2/HTR2A/GABRG2/CHRNA1/CHRNA9/TACR3/GLRA3/P2RY1/MTNR1B/NPY1R/ADORA1/GRP/CYSLTR1/SSTR3/RLN1/AGT/GLRB/GNRH2/AGTR2/RXFP1/P2RX6/MC3R/GRIA2/PTGER3/GABRR2/HTR4/GRM3/HRH2/UTS2R/F2RL3/NPY4R2/GRM6/HRH4/GRIN2B/CGA/GZMA/MC4R/NMUR2/CHRM2/LPAR3/GRIK2/GHSR/GRIA1/F2RL2/CHRNG/THRB/GNRH1/ADORA3/P2RY4/GRM1/GABRA3/APLNR/DRD2/PPY/APELA/GLP2R/APLN/OPRD1/MTNR1A/CALCR/LEPR/GRIK1/TACR1/F2R/TAC4/GCG/TRHR/NPY4R/AVPR1A/GPR50/PTGDR/NPY/PATE4
hsa03272,Virion - Hepatitis viruses,40,-0.4319426727589627,-1.694316572938198,0.0030677552657067996,0.029685043600515795,0.02374423580268421,3536,"tags=42%, list=16%, signal=36%",CHMP4B/CD63/LDLR/CD81/CLDN10/IST1/CLDN14/EPCAM/CLDN19/CD9/CLDN9/CLDN1/CLDN6/CLDN18/CLDN3/CLDN4/CLDN7
hsa05142,Chagas disease,90,-0.32221832996626076,-1.4866251695265764,0.0037752833765178125,0.03548766373926744,0.02838558929712641,2012,"tags=21%, list=9%, signal=19%",TICAM1/CXCL8/IRAK1/JUN/TLR9/RELA/MAPK11/IFNGR2/IFNG/NFKBIA/AKT2/SERPINE1/CCL3/CCL3L1/TLR2/IFNB1/GNA15/TNF/CCL5
hsa05332,Graft-versus-host disease,33,0.5564246379263975,1.592778862930607,0.004069075948264695,0.036181783431867155,0.028940796218098832,2774,"tags=42%, list=13%, signal=37%",HLA-DRA/HLA-DPB1/HLA-DRB5/HLA-DOA/HLA-DPA1/IL6/HLA-DMB/KLRD1/HLA-DQB2/CD28/HLA-DQA2/GZMB/HLA-DMA/HLA-DRB1
hsa04610,Complement and coagulation cascades,60,0.48997620082106397,1.5310330515598742,0.003999953406789279,0.036181783431867155,0.028940796218098832,4750,"tags=45%, list=22%, signal=35%",CFI/C1S/SERPING1/F13A1/CFH/C1R/F5/C3AR1/BDKRB2/KLKB1/SERPINA5/SERPINC1/SERPINE2/C8B/C4A/PLAT/F2RL3/CPB2/SERPINB2/F2RL2/C2/C9/F2R/C7/CD46/C5/MBL2
hsa01250,Biosynthesis of nucleotide sugars,34,-0.43065877997032154,-1.612317695145994,0.004614990825238967,0.03995610477641105,0.031959770257887585,4397,"tags=41%, list=20%, signal=33%",GMPPB/UAP1L1/PGM1/GFPT2/NANS/MPI/GPI/GALT/GMPPA/PMM1/UXS1/GALE/NAGK/MIOX
hsa04726,Serotonergic synapse,94,0.44813566746675876,1.457822619749482,0.005434162273895563,0.045842035592606155,0.03666776163222377,1971,"tags=24%, list=9%, signal=22%",GABRB3/PRKCB/CYP4X1/GNG2/HTR3A/CYP2J2/TPH1/CACNA1C/MAOB/KCND2/HTR2B/MAOA/KCNJ6/CYP2C9/HTR2A/KCNN2/CYP2C18/CYP2C19/PLA2G4A/CACNA1A/PLCB4/CYP2C8/GNGT2
hsa04974,Protein digestion and absorption,78,0.4691349303923512,1.5017249557172843,0.006023507882810387,0.04954335233611543,0.03962834133427887,3348,"tags=31%, list=15%, signal=26%",COL8A1/COL6A3/DPP4/COL25A1/SLC1A1/SLC16A10/KCNE3/COL14A1/MME/COL19A1/COL4A3/COL6A5/SLC7A8/SLC36A2/SLC8A3/ATP1A2/KCNJ13/COL11A1/CPB2/MEP1B/CPA3/ACE2/ATP1B2/COL3A1
hsa00480,Glutathione metabolism,44,-0.38895091720798736,-1.5617334898103996,0.006671034816735558,0.053474250670563064,0.04277255692734209,4316,"tags=39%, list=20%, signal=31%",GPX1/MGST3/PGD/GSTT2B/GGCT/GSTM3/GSS/GSTP1/CHAC2/GPX4/ODC1/G6PD/GSTO1/GGT5/OPLAH/CHAC1/ANPEP
hsa05167,Kaposi sarcoma-associated herpesvirus infection,164,-0.27051623773997,-1.383802175125793,0.006826500085603796,0.053474250670563064,0.04277255692734209,3153,"tags=27%, list=15%, signal=23%",NFATC2/IKBKG/BID/UBB/HLA-E/PREX1/IFNAR2/GNB2/PIK3CD/CASP9/IRF3/CALM2/FADD/HLA-G/TRAF2/UBC/RPS27A/CDKN1A/TICAM1/CXCL8/JUN/GNG5/ITPR3/RELA/CCND1/HRAS/MAP1LC3A/MAP2K1/MAPK11/MICB/BAK1/MYC/TCF7/NFKBIA/AKT2/HCK/CSF2/GNG8/IFNB1/PDGFB/ZFP36/NFATC1/CXCL2/ICAM1
hsa05310,Asthma,21,0.6170214914002297,1.6135418653766014,0.0072381469259386235,0.05518060096643643,0.04413741878614336,3433,"tags=57%, list=16%, signal=48%",HLA-DRA/HLA-DPB1/HLA-DRB5/HLA-DOA/HLA-DPA1/HLA-DMB/EPX/HLA-DQB2/HLA-DQA2/HLA-DMA/HLA-DRB1/IL5
hsa04727,GABAergic synapse,75,0.4725021394144823,1.5124135885595555,0.007379776421043169,0.05518060096643643,0.04413741878614336,3964,"tags=32%, list=18%, signal=26%",GABRB3/GABRE/SLC6A1/GABRA5/PRKCB/GNG2/GABRG3/CACNA1C/ADCY2/SLC6A11/GABRQ/GABRG1/KCNJ6/GABRG2/CACNA1A/GNGT2/ADCY8/GAD2/GABRR2/GLUL/ABAT/GABRA3/GNG7/ADCY1
hsa00140,Steroid hormone biosynthesis,39,0.5354952710995067,1.5688256900241861,0.008352410025294948,0.06022124810138907,0.04816929139448813,5792,"tags=56%, list=27%, signal=41%",CYP7B1/AKR1C1/HSD17B3/CYP21A2/AKR1C3/CYP17A1/UGT1A10/HSD17B2/CYP3A7/STS/AKR1C4/CYP19A1/SRD5A2/UGT1A9/HSD11B1/HSD17B6/CYP11B1/CYP11A1/HSD3B2/CYP2E1/AKR1D1/CYP3A4
hsa04215,Apoptosis - multiple species,31,-0.42285994886654915,-1.528147911436608,0.008667789249120605,0.06022124810138907,0.04816929139448813,3042,"tags=35%, list=14%, signal=31%",DIABLO/BID/CASP9/HTRA2/FADD/BBC3/BCL2L1/BIRC3/BAK1/BIRC7/BOK
hsa04115,p53 signaling pathway,70,-0.33367076864153095,-1.4680512692592504,0.008513181264057767,0.06022124810138907,0.04816929139448813,2631,"tags=27%, list=12%, signal=24%",CASP9/CCNE1/TP53I3/BBC3/CDKN1A/BCL2L1/CD82/GADD45B/CCND1/AIFM2/TP73/GADD45A/PPP1R13L/GADD45G/SESN2/SERPINE1/SERPINB5/SFN/TNFRSF10A
hsa05323,Rheumatoid arthritis,86,-0.3052711510162407,-1.4282393859512195,0.008786078750354635,0.06022124810138907,0.04816929139448813,2691,"tags=31%, list=12%, signal=28%",ATP6V0C/TCIRG1/ATP6AP1/ITGB2/ITGAL/ATP6V0B/CXCL8/ATP6V0E1/CSF1/JUN/MMP1/CXCL6/IFNG/CXCL12/TNFRSF11A/LTB/CCL3/CCL3L1/CSF2/TLR2/IL23A/CCL20/IL18/TNF/CCL5/CXCL2/ICAM1
hsa05213,Endometrial cancer,52,-0.3525986902255853,-1.4684155277762247,0.009981130819727442,0.06598106899334039,0.05277641096891729,2976,"tags=35%, list=14%, signal=30%",BAD/ELK1/GRB2/PIK3CD/CASP9/APC2/CDKN1A/GADD45B/ILK/CCND1/HRAS/MAP2K1/BAK1/MYC/GADD45A/TCF7/AKT2/GADD45G
hsa04623,Cytosolic DNA-sensing pathway,66,-0.33237069409642434,-1.4488398375037854,0.010027518084094285,0.06598106899334039,0.05277641096891729,2544,"tags=33%, list=12%, signal=30%",IRF7/POLR2H/POLR3K/POLR1C/DDX41/IKBKG/DNASE2/IRF3/FADD/PCBP1/POLR2L/CCL4/RELA/NFKBIB/CGAS/NFKBIA/CCL4L2/ZBP1/IFNB1/PYCARD/IL18/CCL5
hsa05221,Acute myeloid leukemia,58,-0.3461125412346195,-1.453425090413134,0.010624101085513137,0.06853586778693768,0.054819923041863464,3441,"tags=36%, list=16%, signal=31%",MAP2K2/EIF4EBP1/IKBKG/BAD/GRB2/PIK3CD/RPS6KB2/PIM1/RELA/CCND1/JUP/HRAS/MAP2K1/MYC/STAT5A/TCF7/ITGAM/AKT2/PIM2/CSF2/BCL2A1
hsa04911,Insulin secretion,72,0.4656306037319502,1.4783285852858592,0.01104324679151706,0.06986977296940601,0.05588687647528877,4245,"tags=31%, list=20%, signal=25%",PRKCB/KCNMB1/ADCYAP1/RYR2/CACNA1C/KCNMB2/ADCYAP1R1/ADCY2/CCK/RIMS2/KCNN2/PLCB4/ADCY8/ATP1A2/KCNMB4/RAPGEF4/ATP1B2/CREB3L2/PCLO/ADCY1/SNAP25/GCG
hsa04940,Type I diabetes mellitus,39,0.5254929591981611,1.5395221933971361,0.011568514945727833,0.07181210221027277,0.057440491289611886,3458,"tags=44%, list=16%, signal=37%",HLA-DRA/CPE/HLA-DPB1/HLA-DRB5/HLA-DOA/HLA-DPA1/HLA-DMB/IL12B/HLA-DQB2/CD28/GAD2/HLA-DQA2/GZMB/HLA-DMA/HLA-DRB1/PTPRN2/IL12A
hsa00534,Glycosaminoglycan biosynthesis - heparan sulfate / heparin,22,0.5951491387337785,1.5668314137702433,0.01451136487069729,0.0868043462265347,0.0694323678023794,5632,"tags=50%, list=26%, signal=37%",HS3ST3A1/HS6ST3/XYLT1/HS6ST2/EXTL1/HS3ST5/HS3ST2/HS3ST3B1/EXTL2/GLCE/HS2ST1
hsa05330,Allograft rejection,32,0.5461648341839221,1.558922657672799,0.014311035675983694,0.0868043462265347,0.0694323678023794,3458,"tags=47%, list=16%, signal=39%",HLA-DRA/HLA-DPB1/HLA-DRB5/HLA-DOA/HLA-DPA1/HLA-DMB/IL12B/HLA-DQB2/CD28/HLA-DQA2/GZMB/HLA-DMA/HLA-DRB1/IL5/IL12A
hsa05169,Epstein-Barr virus infection,177,-0.24646388594105498,-1.3209028584960363,0.015577286744966116,0.09151655962667593,0.07320153545566785,2765,"tags=25%, list=13%, signal=22%",IFNAR2/TAP1/TAPBP/PIK3CD/CASP9/PSMD4/PSMD13/CCNE1/IRF3/FADD/ITGAL/HLA-G/TRAF2/ADRM1/PSMD2/CDKN1A/GADD45B/IRAK1/PSMD8/RELB/JUN/RELA/ISG15/CCND1/HES1/NFKB2/NFKBIB/MAPK11/BAK1/MYC/GADD45A/MAP3K14/NFKBIA/FCER2/ENTPD8/AKT2/GADD45G/NFKBIE/ENTPD3/PSMC4/TLR2/IFNB1/TNF/ICAM1
hsa05216,Thyroid cancer,35,-0.3986015646668579,-1.5093435796461818,0.01734399213742011,0.1001083054949336,0.08007383258273366,2064,"tags=29%, list=9%, signal=26%",CDKN1A/GADD45B/CCND1/HRAS/MAP2K1/BAK1/MYC/GADD45A/TCF7/GADD45G
hsa05120,Epithelial cell signaling in Helicobacter pylori infection,64,-0.33460443892543845,-1.4209884292703605,0.01807673426450443,0.10253871677624064,0.08201785056490214,3381,"tags=30%, list=16%, signal=25%",LYN/GIT1/ATP6V0E2/IKBKG/ATP6V0C/F11R/TCIRG1/ATP6AP1/ATP6V0B/CXCL8/ATP6V0E1/JUN/CXCR2/RELA/MAPK11/MAP3K14/NFKBIA/CCL5/CXCL2
hsa05130,Pathogenic Escherichia coli infection,180,-0.2481217130827075,-1.3165353622467495,0.01867207043379634,0.10412052835116943,0.08328309738535389,2631,"tags=21%, list=12%, signal=19%",CASP9/CYTH1/CLDN14/FADD/TRAF2/EZR/GNA12/RPS3/MYO1C/CXCL8/ARPC1B/CLDN19/IRAK1/JUN/ABCF2/TUBB2A/RELA/LPAR2/NFKBIB/MAPK11/BAK1/TUBB8/CLDN9/NFKBIA/TUBB2B/CYTH4/CLDN1/CLDN6/CLDN18/CLDN3/PYCARD/IL18/MYO1G/PTPN6/CLDN4/CLDN7/TNFRSF10A/TNF
hsa01230,Biosynthesis of amino acids,65,-0.3099838477691482,-1.344931808777379,0.0207298852739506,0.11268049256636917,0.09012997325737415,3981,"tags=35%, list=18%, signal=29%",PGK1/PFKP/ALDOA/PRPS1/PYCR2/SHMT2/BCAT2/ENO2/ENO1/IDH3B/ENO3/PSAT1/PSPH/GPT2/IDH3G/ASS1/PHGDH/TALDO1/ASNS/CBS/PYCR1/NAGS/BCAT1
hsa05235,PD-L1 expression and PD-1 checkpoint pathway in cancer,82,-0.2835929094576027,-1.3184942599862912,0.020892127801059326,0.11268049256636917,0.09012997325737415,2090,"tags=33%, list=10%, signal=30%",TIRAP/BATF/MYD88/MAP2K2/NFATC2/IKBKG/PIK3CD/RPS6KB2/BATF3/TICAM1/JUN/TLR9/RELA/HRAS/MAP2K1/NFKBIB/MAPK11/PDCD1/IFNGR2/IFNG/NFKBIA/AKT2/NFKBIE/TLR2/PTPN6/LCK/NFATC1
hsa05204,Chemical carcinogenesis - DNA adducts,38,0.5154836767306235,1.5106174806293733,0.02137880588677114,0.11344559897980169,0.09074196047016614,6125,"tags=50%, list=28%, signal=36%",CYP2C9/SULT1A1/CYP2C18/UGT1A10/CYP2C19/SULT1A2/NAT2/CYP2C8/GSTM1/CYP2A6/CYP3A7/UGT1A9/HSD11B1/GSTM2/CYP2E1/CYP2A7/PTGS2/CYP3A4/SULT1A4
hsa05210,Colorectal cancer,80,-0.2921023781607279,-1.3454924928841907,0.025976321579621153,0.13565412380468825,0.10850593809365562,2976,"tags=29%, list=14%, signal=25%",BAD/RALB/GRB2/PIK3CD/CASP9/RPS6KB2/APC2/BBC3/AREG/CDKN1A/GADD45B/JUN/CCND1/HRAS/MAP2K1/BAK1/MYC/GADD45A/TCF7/AKT2/GADD45G/RAC3/EREG
hsa04713,Circadian entrainment,87,0.43498726236906937,1.4101166464078456,0.027513227513227514,0.1414351851851852,0.11313004734057366,3964,"tags=32%, list=18%, signal=26%",GUCY1B1/PRKCB/GNG2/ADCYAP1/RYR2/CACNA1C/ADCYAP1R1/PRKG2/GUCY1A1/ADCY2/KCNJ6/GUCY1A2/PLCB4/MTNR1B/GNGT2/ADCY8/RYR3/GRIA2/PRKG1/GRIN2B/GRIA1/ITPR1/RPS6KA5/GNG7/PER3/CACNA1I/MTNR1A/ADCY1
hsa04971,Gastric acid secretion,60,0.4633824616633248,1.447935355086388,0.029605263157894735,0.14765787934164773,0.11810740628831208,4369,"tags=30%, list=20%, signal=24%",CFTR/PRKCB/KCNJ2/MYLK4/ADCY2/SLC26A7/MYLK/KCNK2/PLCB4/ADCY8/KCNJ16/ATP1A2/HRH2/SLC9A4/ATP1B2/ITPR1/ADCY1/KCNJ15
hsa04130,SNARE interactions in vesicular transport,32,-0.3881528390153753,-1.4188854591471105,0.030518953784899838,0.14765787934164773,0.11810740628831208,4109,"tags=34%, list=19%, signal=28%",STX8/STX6/BET1L/VAMP2/STX4/YKT6/STX5/STX1A/BNIP1/STX11/VAMP8
hsa04216,Ferroptosis,37,-0.353845629096112,-1.3514300372498493,0.030256613429394664,0.14765787934164773,0.11810740628831208,3446,"tags=38%, list=16%, signal=32%",MAP1LC3C/SAT2/FTH1/GSS/VDAC2/GPX4/PCBP1/ATG7/FTL/SAT1/MAP1LC3A/SLC3A2/HMOX1/ALOX15
hsa04662,B cell receptor signaling pathway,72,-0.3069585743687089,-1.3453828860633885,0.029778446153198964,0.14765787934164773,0.11810740628831208,3441,"tags=33%, list=16%, signal=28%",MAP2K2/CD81/LYN/NFATC2/IKBKG/LILRB1/GRB2/PIK3CD/BCL10/JUN/RELA/HRAS/BANK1/MAP2K1/NFKBIB/LILRB4/NFKBIA/AKT2/RAC3/NFKBIE/LILRB2/PTPN6/LILRA2/NFATC1
hsa05224,Breast cancer,131,-0.2658802623413679,-1.2608229404183784,0.031477179936437664,0.15008684346504336,0.12005026672935801,2877,"tags=27%, list=13%, signal=24%",LRP5/FZD9/GRB2/PIK3CD/RPS6KB2/APC2/JAG1/FGFR1/DLL1/CDKN1A/GADD45B/DVL1/JUN/CCND1/HES1/FGF21/HRAS/NFKB2/MAP2K1/BAK1/MYC/FGF18/WNT11/GADD45A/TCF7/JAG2/AKT2/GADD45G/HES5/WNT7B/WNT1/DLL3/FLT4/WNT4/DLL4/HEYL
hsa05033,Nicotine addiction,31,0.5201062146388965,1.4754444831558382,0.041176470588235294,0.18815359477124183,0.15049879600963192,3621,"tags=45%, list=17%, signal=38%",GABRB3/GABRE/GABRA5/GABRG3/GABRQ/CHRNA6/GABRG1/GABRG2/CACNA1A/GRIA2/GABRR2/GRIN2B/GRIA1/GABRA3
hsa00982,Drug metabolism - cytochrome P450,37,0.4916294446323384,1.4374606547654363,0.04055619930475087,0.18815359477124183,0.15049879600963192,6910,"tags=62%, list=32%, signal=42%",MAOB/FMO4/MAOA/CYP2C9/UGT1A10/FMO1/CYP2C19/CYP2C8/GSTM1/CYP2A6/ADH6/FMO3/FMO2/UGT1A9/ADH1C/FMO5/GSTM2/CYP2E1/CYP2A7/CYP3A4/ALDH3B1/ADH4/CYP2D6
hsa00520,Amino sugar and nucleotide sugar metabolism,44,-0.3394927655843246,-1.363146860193349,0.04084920732945774,0.18815359477124183,0.15049879600963192,4783,"tags=48%, list=22%, signal=37%",UAP1/GNE/FCSK/HEXA/CYB5R1/GMPPB/UAP1L1/PGM1/GFPT2/AMDHD2/NANS/MPI/GNPDA1/GPI/GALT/GMPPA/PMM1/UXS1/GALE/NAGK/CYB5R2
hsa00240,Pyrimidine metabolism,54,-0.31266052977372716,-1.3190368866650786,0.04258628324357018,0.1919299614675971,0.15351940606910663,4081,"tags=35%, list=19%, signal=29%",UCKL1/UCK2/HDDC2/CTPS1/NT5C3B/DTYMK/UPB1/CDA/NME1/ENTPD6/NME2/NUDT2/NME1-NME2/DCTPP1/ENTPD8/TYMP/NME3/ENTPD3/UPP1
hsa04622,RIG-I-like receptor signaling pathway,55,-0.31246520283429896,-1.3013509810857773,0.044124783142475525,0.19617640072803305,0.15691601402018324,2482,"tags=22%, list=11%, signal=19%",IRF3/FADD/TRIM25/TRAF2/CXCL8/RELA/ISG15/NFKBIB/MAPK11/NFKBIA/IFNB1/TNF
hsa04370,VEGF signaling pathway,52,-0.30786338496337584,-1.2821130294747969,0.04583349573823786,0.20105626797173676,0.1608192832920627,3540,"tags=33%, list=16%, signal=27%",PLA2G4E/MAP2K2/NFATC2/BAD/KDR/PLA2G4F/PXN/PIK3CD/CASP9/PLA2G4B/PRKCG/SPHK1/HRAS/MAP2K1/MAPK11/AKT2/RAC3
hsa02010,ABC transporters,35,0.48617314282784974,1.4065306839765506,0.04883720930232558,0.20338534000588754,0.1626822428458547,2255,"tags=26%, list=10%, signal=23%",CFTR/ABCB4/ABCB5/ABCD2/ABCA8/ABCA1/DEFB1/ABCC9/ABCA12
hsa05416,Viral myocarditis,62,0.44082029424250047,1.3812500493003108,0.048034934497816595,0.20338534000588754,0.1626822428458547,2774,"tags=26%, list=13%, signal=23%",HLA-DRA/SNTB1/HLA-DPB1/SGCZ/DTNA/HLA-DRB5/HLA-DOA/SGCD/SGCG/HLA-DPA1/HLA-DMB/HLA-DQB2/CD28/HLA-DQA2/HLA-DMA/HLA-DRB1
hsa05150,Staphylococcus aureus infection,66,0.4362908647164119,1.3747565142316416,0.04880694143167028,0.20338534000588754,0.1626822428458547,2774,"tags=36%, list=13%, signal=32%",CFI/HLA-DRA/C1S/CFH/HLA-DPB1/C1R/C3AR1/HLA-DRB5/HLA-DOA/FPR3/HLA-DPA1/HLA-DMB/KRT23/HLA-DQB2/DEFB1/KRT14/FCGR2A/FCGR2C/HLA-DQA2/SELPLG/C4A/DEFB103A/HLA-DMA/HLA-DRB1
hsa04540,Gap junction,77,0.4282268948182577,1.3731116882266379,0.04807692307692308,0.20338534000588754,0.1626822428458547,3964,"tags=26%, list=18%, signal=21%",GUCY1B1/PRKCB/EGF/TUBA3C/PDGFRB/PRKG2/GUCY1A1/ADCY2/TUBA3E/HTR2B/GUCY1A2/HTR2A/TUBB1/PLCB4/ADCY8/PRKG1/ITPR1/GRM1/DRD2/ADCY1
hsa04730,Long-term depression,51,0.45352360636803357,1.3789997738748254,0.05044843049327354,0.20746917040358742,0.1659487845173472,3572,"tags=27%, list=16%, signal=23%",GUCY1B1/PRKCB/PRKG2/GUCY1A1/GRID2/GUCY1A2/PLA2G4A/CACNA1A/PLCB4/GRIA2/PRKG1/GRIA1/ITPR1/GRM1
hsa00604,Glycosphingolipid biosynthesis - ganglio series,13,0.6182959293555692,1.4572068325396612,0.0546875,0.21253229974160207,0.16999864001087991,1796,"tags=31%, list=8%, signal=28%",ST6GALNAC3/ST8SIA5/ST8SIA1/ST6GALNAC5
hsa04961,Endocrine and other factor-regulated calcium reabsorption,45,0.46627325797113534,1.3997127516180214,0.05304740406320542,0.21253229974160207,0.16999864001087991,6885,"tags=42%, list=32%, signal=29%",PRKCB/ESR1/BDKRB2/CALB1/DNM3/PLCB4/SLC8A3/ATP1A2/TRPV5/ATP1B2/ATP2B1/ATP2B2/SLC8A2/CLTC/VDR/GNAQ/KLK2/CLTCL1/KLK1
hsa04750,Inflammatory mediator regulation of TRP channels,77,0.425838558477491,1.3654534757588876,0.05555555555555555,0.21253229974160207,0.16999864001087991,2048,"tags=18%, list=9%, signal=17%",TRPV4/PRKCB/CYP2J2/MAPK10/ADCY2/HTR2B/BDKRB2/HTR2A/PRKCQ/PLA2G4A/ASIC5/MAP2K6/PLCB4/ADCY8
hsa03060,Protein export,29,-0.36827208825827606,-1.3208425212314931,0.05272339787634782,0.21253229974160207,0.16999864001087991,6898,"tags=55%, list=32%, signal=38%",SRP68/SGTA/IMMP1L/SRP14/SRP9/SEC11C/TMEM208/SPCS2/SEC61B/SRPRA/SRPRB/BAG6/GET3/SEC61G/GET4/UBL4A
hsa05206,MicroRNAs in cancer,180,-0.23637683729811815,-1.254216977839766,0.055425047798974766,0.21253229974160207,0.16999864001087991,2708,"tags=23%, list=12%, signal=20%",PDGFA/GRB2/PIK3CD/ABCC1/CCNE1/CDC25A/MAPK7/APC2/EFNA4/MIR27A/EZR/PRKCG/ITGA5/CDKN1A/EFNA1/UBE2I/RASSF1/SPRY2/PIM1/ST14/HMGA2/CCND1/DDIT4/MIR29A/PAK4/HRAS/MMP9/MAP2K1/MIR103A2/BAK1/MIR181D/MYC/SOCS1/FSCN1/HMOX1/EFNA2/PDGFB/SERPINB5/IGF2BP1/HOXD10/PLAU
hsa04660,T cell receptor signaling pathway,106,-0.2525514492337752,-1.1787015529417455,0.05388373188080842,0.21253229974160207,0.16999864001087991,1968,"tags=21%, list=9%, signal=19%",PPP2R5B/BCL10/PAK6/JUN/RELA/PAK4/HRAS/MAP2K1/NFKBIB/MAPK11/PDCD1/MAP3K14/IFNG/NFKBIA/AKT2/NFKBIE/CSF2/CD8A/PTPN6/LCK/NFATC1/TNF
hsa04620,Toll-like receptor signaling pathway,87,-0.26150669080229716,-1.2203087321761545,0.056202462625267645,0.21253574946796613,0.17000139935047684,2012,"tags=23%, list=9%, signal=21%",TICAM1/CXCL8/IRAK1/CCL4/JUN/TLR9/TOLLIP/RELA/MAP2K1/MAPK11/IRF5/NFKBIA/AKT2/CCL4L2/CCL3/CCL3L1/TLR2/IFNB1/TNF/CCL5
hsa04933,AGE-RAGE signaling pathway in diabetic complications,90,-0.26247946136925154,-1.2110067537007174,0.057333308536891864,0.2143483921436071,0.17145128150984412,1872,"tags=19%, list=9%, signal=17%",CXCL8/EGR1/JUN/PIM1/RELA/CCND1/PRKCZ/EDN1/HRAS/MAPK11/STAT5A/AKT2/SERPINE1/NFATC1/TNF/SELE/ICAM1
hsa04020,Calcium signaling pathway,216,0.3555647573386482,1.22132169256256,0.05805805805805806,0.214619113495518,0.17166782394458327,4307,"tags=29%, list=20%, signal=23%",PDE1C/P2RX7/EDNRA/PTGFR/PDE1B/PRKCB/EGF/FGF10/GDNF/PLN/RYR2/CACNA1E/NTRK3/PDGFRB/EDNRB/CACNA1C/GRPR/PDE1A/MYLK4/ADCY2/FGF7/NTRK2/HTR2B/NFATC4/BDKRB2/CASQ1/CYSLTR2/MYLK/HTR2A/CACNA1A/PLCB4/TACR3/FGF9/VEGFD/ADCY8/CYSLTR1/TGFA/SLC8A3/P2RX6/RYR3/FGF1/PTGER3/HTR4/MCOLN3/HRH2/GRIN2B/ERBB4/PLCE1/CHRM2/PHKB/ATP2B1/ITPR1/GRM1/HGF/CACNA1I/ADCY1/CD38/TACR1/F2R/FGF23/TRHR/AVPR1A
hsa05412,Arrhythmogenic right ventricular cardiomyopathy,77,0.4232427458314946,1.3571299894767452,0.05982905982905983,0.21870845204178538,0.17493877142999953,4695,"tags=34%, list=22%, signal=27%",ITGA4/SNTB1/CACNB2/ITGA11/SGCZ/RYR2/CACNA1C/DTNA/SGCD/SGCG/CACNA2D4/SLC8A3/DSP/CDH2/DES/LEF1/ITGB7/SGCA/CACNB4/CTNNA2/CTNNA3/ACTN2/ITGA8/DMD/ITGA1/SLC8A2
hsa04915,Estrogen signaling pathway,113,-0.24794236142542375,-1.1843909438082638,0.0644929363356111,0.23180910204908295,0.185417614820895,2653,"tags=24%, list=12%, signal=21%",GRB2/PIK3CD/CALM2/ATF4/KRT10/PRKCD/CREB3/KRT15/JUN/ITPR3/KCNJ5/HSPA1B/HSPA1A/KRT18/HRAS/MMP9/GABBR2/MAP2K1/KRT31/AKT2/HSPA6/KRT38/KRT32/KRT13/TFF1/KRT37/KRT19
hsa05162,Measles,118,-0.243611288698028,-1.1693567258989592,0.0648219981413849,0.23180910204908295,0.185417614820895,3259,"tags=29%, list=15%, signal=25%",CCND3/IKBKG/BID/BAD/IFNAR2/PIK3CD/CASP9/CCNE1/IRF3/FADD/BBC3/IL2RB/RACK1/BCL2L1/IRAK1/JUN/TLR9/SLAMF1/RELA/HSPA1B/CCND1/HSPA1A/NFKBIB/BAK1/STAT5A/TP73/CLEC4M/IL2RG/NFKBIA/AKT2/IL2RA/HSPA6/TLR2/IFNB1
hsa05143,African trypanosomiasis,33,-0.3361520419662299,-1.2550259694337875,0.06588690631341679,0.2330837868506895,0.18643719952862703,1636,"tags=24%, list=8%, signal=22%",TLR9/F2RL1/APOA1/IFNG/IL18/TNF/SELE/ICAM1
hsa05217,Basal cell carcinoma,55,-0.300678435645913,-1.2522616075961799,0.06868067594495236,0.24038236580733327,0.1922751286252866,2814,"tags=29%, list=13%, signal=25%",FZD9/BMP4/APC2/GLI1/CDKN1A/GADD45B/DVL1/BAK1/WNT11/GADD45A/TCF7/GADD45G/WNT7B/SHH/WNT1/WNT4
hsa00380,Tryptophan metabolism,36,0.46879396579250043,1.3640856384321618,0.06968641114982578,0.24133504492939667,0.1930371499995174,8125,"tags=44%, list=37%, signal=28%",TPH1/MAOB/KYNU/TDO2/MAOA/INMT/IDO1/AOC1/EHHADH/ALDH8A1/ALDH7A1/HADH/IDO2/ACMSD/AADAT/ACAT1
hsa00500,Starch and sucrose metabolism,30,0.4929272210108694,1.3845628476353762,0.0729665071770335,0.24495898838004104,0.19593584096947772,2148,"tags=27%, list=10%, signal=24%",MGAM2/MGAM/AMY2B/GBA3/ENPP3/GYG2/HK3/TREH
hsa04145,Phagosome,142,0.37332976226026626,1.2588944174265375,0.0729483282674772,0.24495898838004104,0.19593584096947772,2774,"tags=21%, list=13%, signal=19%",HLA-DRA/COLEC12/THBS4/TUBA3C/HLA-DPB1/C1R/THBS2/HLA-DRB5/TLR4/HLA-DOA/COLEC11/TUBA3E/MSR1/HLA-DPA1/HLA-DMB/SFTPD/HLA-DQB2/TUBB1/CD36/EEA1/MRC1/FCGR2A/FCGR2C/HLA-DQA2/DYNC2H1/PIK3C3/THBS1/HLA-DMA/CYBB/HLA-DRB1
hsa04022,cGMP-PKG signaling pathway,147,0.3724111423868187,1.2583112590567729,0.07193515704154002,0.24495898838004104,0.19593584096947772,4812,"tags=30%, list=22%, signal=23%",PDE3A/EDNRA/GUCY1B1/PIK3CG/KCNJ8/KCNMB1/PLN/EDNRB/CACNA1C/KCNMB2/PRKG2/GUCY1A1/MYLK4/ADCY2/NFATC4/BDKRB2/NPPA/MYLK/GUCY1A2/PIK3R6/PLCB4/ADORA1/ADCY8/PDE5A/SLC8A3/ATP1A2/PRKG1/NPPC/KCNMB4/TRPC6/ATP1B2/ATP2B1/ITPR1/ADORA3/CREB3L2/OPRD1/ADCY1/CNGB1/MEF2C/KCNU1/ATP2B2/SLC8A2/PDE3B/ROCK1
hsa04140,Autophagy - animal,153,-0.23266535139018524,-1.1650596530685822,0.07568113414514545,0.2515059912500288,0.20117260538316176,4148,"tags=31%, list=19%, signal=25%",ATG4D/UVRAG/WDR45B/ATG9A/WDR45/ATG16L1/RRAS2/RHEB/CTSD/TP53INP2/PLEKHM1/YKT6/MAP1LC3C/MAP2K2/ATG4B/RRAS/GORASP1/GABARAPL1/BNIP3/GABARAP/RRAGC/UBB/BAD/VPS18/IRS2/ATG2A/PIK3CD/MLST8/RPS6KB2/MTMR14/UBC/RPS27A/PRKCD/BCL2L1/ATG9B/ATG7/ATG101/DDIT4/HRAS/MAP1LC3A/MAP2K1/RAB39B/ULK1/RRAGA/AKT2/SQSTM1/VAMP8
hsa04950,Maturity onset diabetes of the young,22,-0.414865728629126,-1.3969311444048667,0.07776595003528891,0.2558499756161005,0.20464723693497083,1478,"tags=36%, list=7%, signal=34%",PDX1/HES1/HNF4A/HHEX/BHLHA15/MNX1/FOXA2/FOXA3
hsa04390,Hippo signaling pathway,146,-0.23301613833538237,-1.1657947780821254,0.08119235246560184,0.2644780590216139,0.21154859944138052,2814,"tags=20%, list=13%, signal=17%",FZD9/SMAD7/AJUBA/BMP4/APC2/BBC3/ITGB2/AREG/DVL1/RASSF1/PPP1CA/LLGL2/CCND1/PARD6B/PRKCZ/BIRC3/MYC/TP73/WNT11/TCF7/SERPINE1/PARD6A/WNT7B/WTIP/WNT1/BMP6/WNT4/FRMD1/NKD2
hsa04612,Antigen processing and presentation,63,0.41681715877944847,1.307995322354045,0.08596300326441784,0.2745808550873152,0.21962954334291732,2774,"tags=24%, list=13%, signal=21%",HLA-DRA/HLA-DPB1/HLA-DRB5/HLA-DOA/CD4/HLA-DPA1/HLA-DMB/KLRD1/HLA-DQB2/KLRC4/KLRC2/HLA-DQA2/KIR2DL4/HLA-DMA/HLA-DRB1
hsa04918,Thyroid hormone synthesis,61,0.4144743315404158,1.2964611274706053,0.08524590163934426,0.2745808550873152,0.21962954334291732,4973,"tags=33%, list=23%, signal=25%",PRKCB/LRP2/ADCY2/SLC26A4/GPX5/PLCB4/ADCY8/ATP1A2/ALB/CGA/ATP1B2/ITPR1/CREB3L2/PAX8/ADCY1/GPX7/TTF2/HSP90B1/GPX2/TSHR
hsa04973,Carbohydrate digestion and absorption,36,0.45754280395577296,1.331347272759705,0.09291521486643438,0.2939337085678549,0.23510934935838662,3308,"tags=25%, list=15%, signal=21%",MGAM2/MGAM/PRKCB/AMY2B/PLCB4/HK3/ATP1A2/SLC2A5/ATP1B2
hsa04724,Glutamatergic synapse,102,0.3832671095572343,1.2586833170691136,0.1012396694214876,0.3142250116949945,0.25133979498879744,4104,"tags=25%, list=19%, signal=21%",SLC1A1/PRKCB/GNG2/GRM7/SLC1A3/CACNA1C/GRM8/ADCY2/PLA2G4A/CACNA1A/PLCB4/GNGT2/ADCY8/GRIA2/GRM3/GRM6/GRIN2B/GLUL/GRIK2/GRIA1/ITPR1/GRM1/GNG7/ADCY1/SLC1A2/GRIK1
hsa04510,Focal adhesion,175,0.35232251155881866,1.1982838521477708,0.10080645161290322,0.3142250116949945,0.25133979498879744,1477,"tags=13%, list=7%, signal=12%",ITGA4/FN1/SPP1/PAK3/COL6A3/VAV3/PRKCB/EGF/THBS4/LAMA4/TNC/ITGA11/RELN/MAPK10/PDGFRB/PIP5K1B/THBS2/SHC4/COL4A3/MYLK4/PAK5/COL6A5/MYLK
hsa04976,Bile secretion,55,0.4159514111678301,1.2811320393075016,0.10828729281767956,0.33295812464501473,0.2663238878939488,4237,"tags=29%, list=19%, signal=23%",CFTR/ABCB4/SLC4A4/SLCO1B1/ADCY2/SLCO1A2/KCNN2/UGT1A10/SLC4A5/ADCY8/ATP1A2/NR1H4/ATP1B2/ADCY1/UGT1A9/AQP4
hsa05321,Inflammatory bowel disease,58,0.4076418247181238,1.2689941463777792,0.11232279171210469,0.34216850438224483,0.2736910129437249,3458,"tags=38%, list=16%, signal=32%",HLA-DRA/MAF/HLA-DPB1/HLA-DRB5/STAT4/TLR4/HLA-DOA/IL12RB2/IL21R/HLA-DPA1/IL6/HLA-DMB/IL12B/HLA-DQB2/IL18RAP/RORA/HLA-DQA2/HLA-DMA/HLA-DRB1/RORC/IL5/IL12A
hsa04360,Axon guidance,161,0.3508906645111064,1.192512294655232,0.11491935483870967,0.34686667653151815,0.2774489493933116,3442,"tags=22%, list=16%, signal=19%",UNC5D/PAK3/NTNG1/SEMA6D/TRPC4/DPYSL5/EPHA6/LRRC4C/EPHA3/SLIT2/PAK5/EPHA5/DCC/SEMA5A/EPHA4/UNC5C/NFATC4/BOC/ROBO2/TRPC3/SEMA3D/EPHA7/FZD3/SMO/LRRC4/TRPC5/NEO1/SRGAP3/SEMA3B/EPHB1/SEMA6A/PLXNC1/TRPC6/EFNB3/UNC5A/NRP1
hsa00430,Taurine and hypotaurine metabolism,13,0.5655133662731431,1.3328082914675354,0.12369791666666667,0.36663616741741745,0.2932620120120121,4984,"tags=54%, list=23%, signal=42%",FMO4/FMO1/GAD2/FMO3/FMO2/FMO5/BAAT
hsa00512,Mucin type O-glycan biosynthesis,33,0.44973439232086587,1.2873754776408197,0.12338425381903642,0.36663616741741745,0.2932620120120121,3600,"tags=27%, list=17%, signal=23%",GALNT17/GALNT13/ST6GALNAC3/GALNTL6/GALNT14/GCNT1/GALNT8/GALNT3/GALNT15
hsa05414,Dilated cardiomyopathy,91,0.38241013783231104,1.243267669774507,0.12526315789473685,0.3679605263157895,0.2943213296398893,4695,"tags=30%, list=22%, signal=23%",ITGA4/SNTB1/CACNB2/ITGA11/PLN/SGCZ/RYR2/CACNA1C/DTNA/SGCD/ADCY2/SGCG/CACNA2D4/ADCY8/AGT/SLC8A3/DES/ITGB7/SGCA/CACNB4/TTN/ADCY1/ITGA8/DMD/ITGA1/ACTC1/SLC8A2
hsa04722,Neurotrophin signaling pathway,109,-0.23213190954458862,-1.0996139506583806,0.1332656323530374,0.388003478266808,0.3103531261132683,2976,"tags=23%, list=14%, signal=20%",BAD/NTF4/GRB2/PIK3CD/MAPK7/CALM2/ATF4/PRKCD/MATK/ARHGDIG/PSEN2/IRAK1/JUN/RELA/HRAS/SH2B2/MAP2K1/NFKBIB/MAPK11/IRAK2/TP73/NFKBIA/AKT2/NFKBIE/IRAK3
hsa04923,Regulation of lipolysis in adipocytes,50,0.41371548201888175,1.2590407732029727,0.13966480446927373,0.4030677251788689,0.32240259572777874,5730,"tags=38%, list=26%, signal=28%",PRKG2/ADCY2/NPPA/NPY1R/ADORA1/ADCY8/PRKG1/PTGER3/CGA/ADCY1/NPY/MGLL/PDE3B/AQP7/PIK3R1/TSHR/PTGS1/AKT3/PTGS2
hsa04150,mTOR signaling pathway,137,-0.22999615255265282,-1.137449406442255,0.14698394700252412,0.42050190055504727,0.336347704811268,4314,"tags=28%, list=20%, signal=22%",GRB10/WNT9A/TELO2/ATP6V1F/NPRL2/EIF4E2/WNT5B/LAMTOR4/RHEB/MAP2K2/EIF4EBP1/RRAGC/LRP5/FZD9/GRB2/PIK3CD/MLST8/RPS6KB2/PRR5/LAMTOR2/PRKCG/FLCN/DVL1/DDIT4/HRAS/MAP2K1/WNT11/ULK1/RRAGA/SLC3A2/AKT2/SESN2/WNT7B/CASTOR1/WNT1/SLC7A5/WNT4/TNF
hsa04611,Platelet activation,107,0.3654212477925639,1.2037632381066583,0.1487603305785124,0.4219150755200912,0.3374780639258449,6506,"tags=36%, list=30%, signal=25%",GUCY1B1/PIK3CG/SYK/PRKG2/GUCY1A1/MYLK4/ADCY2/P2RY12/MYLK/GUCY1A2/PIK3R6/PLA2G4A/PLCB4/P2RY1/FCGR2A/ADCY8/BTK/PRKG1/F2RL3/COL3A1/ITPR1/GP1BB/ADCY1/F2R/RASGRP1/ARHGEF12/ROCK1/P2RX1/PIK3R1/ARHGAP35/PTGS1/PPP1R12A/AKT3/TLN2/GNAQ/MYLK3/ITGB3/ITGB1
hsa03020,RNA polymerase,30,-0.3455185210593444,-1.259776769306236,0.15060240963855423,0.42348882710328495,0.3387368637844225,5514,"tags=43%, list=25%, signal=32%",POLR3E/POLR2J2/CRCP/POLR2E/POLR2A/POLR2H/POLR3K/POLR1C/POLR2J/POLR1E/POLR2G/POLR2L/POLR2I
hsa04270,Vascular smooth muscle contraction,107,0.36404664408418064,1.1992350465438728,0.15289256198347106,0.42628519400476256,0.3409735994279016,2751,"tags=23%, list=13%, signal=21%",ACTG2/EDNRA/GUCY1B1/PRKCB/KCNMB1/CACNA1C/KCNMB2/GUCY1A1/MYLK4/ADCY2/ACTA2/NPPA/MYLK/GUCY1A2/PRKCQ/CALD1/PLA2G4A/PLCB4/RAMP1/ADCY8/AGT/MYH10/PRKG1/NPPC/KCNMB4
hsa00830,Retinol metabolism,43,0.41606261902713704,1.2403832793271954,0.15675057208237986,0.4333692286983443,0.34663992057138404,4935,"tags=44%, list=23%, signal=34%",RPE65/ALDH1A1/LRAT/CYP2C9/CYP2C18/UGT1A10/CYP2C8/PNPLA4/BCO1/CYP2A6/CYP3A7/ADH6/AWAT2/RDH12/UGT1A9/ADH1C/CYP26C1/HSD17B6/CYP26A1
hsa04350,TGF-beta signaling pathway,103,-0.23311582962644808,-1.1033466065296567,0.1596458880700332,0.4376958097920077,0.3501006317325289,1310,"tags=13%, list=6%, signal=12%",GREM1/NBL1/MYC/TGIF1/IFNG/HAMP/TFR2/BMP6/INHBB/AMHR2/NRROS/LRRC32/TNF
hsa00130,Ubiquinone and other terpenoid-quinone biosynthesis,12,-0.4700115074798619,-1.2926999937162114,0.1673469387755102,0.4397760115606936,0.35176452692424703,11527,"tags=67%, list=53%, signal=31%",TAT/COQ5/COQ7/COQ6/HPD/GGCX/VKORC1/NQO1
hsa00030,Pentose phosphate pathway,27,-0.3551793931878861,-1.262575032185523,0.1695906432748538,0.4397760115606936,0.35176452692424703,4969,"tags=48%, list=23%, signal=37%",GLYCTK/TKT/SHPK/PGM1/PGD/PFKP/IDNK/ALDOA/PRPS1/GPI/RBKS/TALDO1/G6PD
hsa00513,Various types of N-glycan biosynthesis,38,0.41615386605533566,1.2195329029268145,0.17109826589595376,0.4397760115606936,0.35176452692424703,2000,"tags=13%, list=9%, signal=12%",MAN1C1/TUSC3/MGAT4A/CHST8/CHST9
hsa04742,Taste transduction,60,0.38969733326519485,1.2176907701516002,0.16228070175438597,0.4397760115606936,0.35176452692424703,3994,"tags=40%, list=18%, signal=33%",PDE1C/SCN2A/GABRA5/PDE1B/HTR3A/CACNA1C/PDE1A/TAS2R4/CACNA1A/TAS2R1/PLCB4/P2RY1/ADCY8/CALHM1/TAS2R46/TAS2R45/TAS2R13/P2RY4/GRM1/GABRA3/SCN9A/TAS2R31/TAS2R38/PKD2L1
hsa05410,Hypertrophic cardiomyopathy,87,0.36768088347764616,1.1919267050120392,0.17037037037037037,0.4397760115606936,0.35176452692424703,4695,"tags=30%, list=22%, signal=24%",ITGA4/SNTB1/CACNB2/ITGA11/SGCZ/RYR2/CACNA1C/DTNA/SGCD/SGCG/IL6/CACNA2D4/AGT/SLC8A3/DES/ITGB7/SGCA/CACNB4/TTN/PRKAG3/PRKAA2/ITGA8/DMD/ITGA1/ACTC1/SLC8A2
hsa04723,Retrograde endocannabinoid signaling,122,0.3561806446941201,1.1861420499559223,0.1663265306122449,0.4397760115606936,0.35176452692424703,3964,"tags=22%, list=18%, signal=18%",GABRB3/GABRE/GABRA5/PRKCB/GNG2/GABRG3/MAPK10/CACNA1C/ADCY2/CNR1/GABRQ/RIMS1/GABRG1/KCNJ6/GABRG2/CACNA1A/PLCB4/GNGT2/ADCY8/GRIA2/GABRR2/GRIA1/ITPR1/GRM1/GABRA3/GNG7/ADCY1
hsa04072,Phospholipase D signaling pathway,126,0.35225688298281344,1.1777378632098956,0.16666666666666666,0.4397760115606936,0.35176452692424703,4307,"tags=24%, list=20%, signal=19%",PTGFR/PIK3CG/EGF/PDGFRB/PIP5K1B/GRM7/GRM8/SYK/SHC4/LPAR4/KITLG/ADCY2/PIK3R6/PLA2G4A/DNM3/PLCB4/KIT/ADCY8/AGT/GRM3/GRM6/LPAR3/RAPGEF4/DGKI/GRM1/DGKG/PTPN11/ADCY1/F2R/AVPR1A
hsa05215,Prostate cancer,86,-0.2328280832638504,-1.0893077762702508,0.1708022170421305,0.4397760115606936,0.35176452692424703,3139,"tags=29%, list=14%, signal=25%",IKBKG/ETV5/BAD/GSTP1/PDGFA/GRB2/PIK3CD/CASP9/CCNE1/ATF4/FGFR1/CREB3/CDKN1A/RELA/CCND1/HRAS/MMP9/MAP2K1/TCF7/NFKBIA/AKT2/SPINT1/TMPRSS2/PDGFB/PLAU
hsa04621,NOD-like receptor signaling pathway,153,-0.21501045813463268,-1.0766536927982786,0.17591763453668968,0.4452069366351608,0.3561085719366188,2578,"tags=18%, list=12%, signal=16%",VDAC2/IRF3/FADD/TRAF2/PRKCD/BCL2L1/TICAM1/CXCL8/JUN/ITPR3/RELA/MAP1LC3A/NFKBIB/BIRC3/MAPK11/PYDC1/NLRP12/NFKBIA/CAMP/IFNB1/PYCARD/IL18/TNF/CCL5/CYBA/CARD18/CXCL2
hsa05220,Chronic myeloid leukemia,73,-0.24718953135798027,-1.0756041069024098,0.1752249949247832,0.4452069366351608,0.3561085719366188,3139,"tags=32%, list=14%, signal=27%",SMAD3/CDKN1B/E2F2/MAP2K2/IKBKG/BAD/GAB2/GRB2/PIK3CD/CDKN1A/BCL2L1/GADD45B/RELA/CCND1/HRAS/MAP2K1/BAK1/MYC/STAT5A/GADD45A/NFKBIA/AKT2/GADD45G
hsa04142,Lysosome,124,-0.22612119936686514,-1.0772385065182386,0.18254744437920842,0.4584588488607601,0.36670840574368907,6287,"tags=43%, list=29%, signal=31%",CTSS/SMPD1/AP1M1/NEU1/ATP6V0A1/NAPSA/ABCA2/GNPTG/SLC11A2/CTSH/SLC11A1/HYAL2/IDUA/ABCB9/MCOLN1/HEXA/AP3S2/NAGPA/GGA3/PPT2/FUCA1/CTSF/CTSA/ACP2/PSAP/AP1S1/CTSD/LITAF/CD63/IDS/MAN2B1/AP4M1/HYAL3/MEAK7/GALNS/AP1M2/ATP6V0C/TCIRG1/DNASE2/CTNS/ATP6AP1/GM2A/ATP6V0B/CD68/CLN3/CTSE/CLTB/AP1S3/CLTA/GLA/LAMP3/PSAPL1/CTSW
hsa00650,Butanoate metabolism,21,0.47430312258276275,1.2403262379554985,0.191969887076537,0.47847040036500504,0.3827150858782636,5460,"tags=43%, list=25%, signal=32%",ACSM3/ACSM4/GAD2/ACSM5/ABAT/ACSM6/ALDH5A1/EHHADH/HMGCS1
hsa04972,Pancreatic secretion,73,0.372994352704174,1.1865264117350955,0.193756727664155,0.47929295790606763,0.38337302664059164,4090,"tags=27%, list=19%, signal=22%",CFTR/CLCA2/PRKCB/SLC4A4/RYR2/AMY2B/ADCY2/CCK/PLCB4/ADCY8/ATP1A2/CPB2/CPA3/PLA2G5/ATP1B2/ATP2B1/ITPR1/CEL/ADCY1/CD38
hsa05322,Systemic lupus erythematosus,108,0.3521098634244476,1.162246959824888,0.19690721649484536,0.4834513002000308,0.38669916829309775,4635,"tags=25%, list=21%, signal=20%",HLA-DRA/C1S/HLA-DPB1/C1R/H2BC9/HLA-DRB5/HLA-DOA/HLA-DPA1/HLA-DMB/HLA-DQB2/FCGR2A/CD28/HLA-DQA2/C8B/C4A/HLA-DMA/HLA-DRB1/GRIN2B/H4C1/C2/H4C9/H3C7/C9/CD80/C7/CD86/C5
hsa00532,Glycosaminoglycan biosynthesis - chondroitin sulfate / dermatan sulfate,21,0.4640764172791383,1.2135828953292633,0.21455457967377667,0.5228774571309076,0.4182350480970306,3182,"tags=19%, list=15%, signal=16%",CHSY3/XYLT1/DSE/UST
hsa04640,Hematopoietic cell lineage,78,0.36096843417476765,1.1554784577074384,0.2240085744908896,0.541903095643402,0.43345312401487923,2774,"tags=27%, list=13%, signal=24%",ITGA4/HLA-DRA/HLA-DPB1/CD1D/MME/HLA-DRB5/IL7R/KITLG/HLA-DOA/CD4/HLA-DPA1/IL6/HLA-DMB/HLA-DQB2/CD36/IL5RA/KIT/FLT3/HLA-DQA2/HLA-DMA/HLA-DRB1
hsa04927,Cortisol synthesis and secretion,55,0.378309893383653,1.1651960113323139,0.23204419889502761,0.5572448280033875,0.445724546475274,6813,"tags=38%, list=31%, signal=26%",PBX1/CACNA1C/CYP21A2/ADCY2/CYP17A1/KCNK2/PLCB4/ADCY8/AGT/ITPR1/CREB3L2/CACNA1I/ADCY1/CYP11B1/CYP11A1/HSD3B2/PDE8B/GNAQ/PDE8A/NR0B1/ATF2
hsa05225,Hepatocellular carcinoma,145,-0.20429603996078605,-1.0240713998201716,0.23959352074771104,0.5712048429420067,0.4568907718301127,2976,"tags=23%, list=14%, signal=20%",BAD/KEAP1/LRP5/FZD9/ELK1/GSTP1/GRB2/PIK3CD/RPS6KB2/APC2/PRKCG/CDKN1A/BCL2L1/GADD45B/NQO1/DVL1/DPF1/GSTO1/CCND1/HRAS/MAP2K1/BAK1/MYC/WNT11/GADD45A/TCF7/AKT2/GADD45G/HMOX1/WNT7B/WNT1/WNT4/IGF2
hsa00730,Thiamine metabolism,13,-0.415671101549689,-1.1675166846554703,0.24786324786324787,0.5740128558310377,0.45913682277318646,1484,"tags=23%, list=7%, signal=22%",AK1/ALPL/ALPG
hsa00790,Folate biosynthesis,23,-0.329727285453043,-1.1353621082753576,0.24752475247524752,0.5740128558310377,0.45913682277318646,1484,"tags=26%, list=7%, signal=24%",PCBD1/ALPL/SPR/TH/MOCOS/ALPG
hsa04921,Oxytocin signaling pathway,133,0.3336555243133733,1.1181373730050992,0.24745417515274948,0.5740128558310377,0.45913682277318646,2048,"tags=15%, list=9%, signal=14%",CACNB2/GUCY1B1/PIK3CG/PRKCB/RYR2/CACNA1C/KCNJ2/GUCY1A1/MYLK4/ADCY2/KCNJ6/NFATC4/NPPA/MYLK/GUCY1A2/PIK3R6/PLA2G4A/PLCB4/CACNA2D4/ADCY8
hsa04814,Motor proteins,166,0.3248396331220808,1.1040256530846413,0.2494949494949495,0.5740128558310377,0.45913682277318646,2951,"tags=19%, list=14%, signal=16%",ACTG2/KIF6/MYO18B/TUBA3C/MYH13/DNAH9/MYO3A/DNAH6/KIF5C/MYO3B/TUBA3E/MYH8/ACTA2/MYO1A/TUBB1/MYH1/DNALI1/DNAH12/MYL1/MYH2/KIF20B/DYNLRB2/DYNC2H1/MYH10/KIF14/MYO7B/MYL4/MYH3/KIF26B/MYH4/KIF20A
hsa03040,Spliceosome,137,-0.21921880868333668,-1.0841498914237533,0.2488978366469436,0.5740128558310377,0.45913682277318646,6189,"tags=41%, list=28%, signal=29%",DDX23/SRSF9/RNVU1-1/ZMAT2/SNRNP27/LSM5/SNRPE/CWC15/HNRNPC/LSM6/XAB2/SNRNP40/PRPF31/PUF60/HSPA1L/ALYREF/SF3A2/SMNDC1/SNRPA/RBM22/EIF4A3/DHX16/RNVU1-31/SNU13/FUS/LSM7/SF3B5/SNRPB2/PRPF6/LSM4/MAGOH/RP9/PPIE/CTNNBL1/USP39/SNRPF/LSM3/RNVU1-6/U2AF1L4/SF3B4/SNRPC/CCDC12/SNRPG/RNVU1-14/RNU5E-1/RNU1-1/PCBP1/LSM2/U2AF2/SNRPB/PQBP1/HSPA1B/TXNL4A/HSPA1A/RNVU1-15/HSPA6
hsa00511,Other glycan degradation,15,-0.38711986670866894,-1.1626480046187,0.2571428571428571,0.5875,0.46992481203007513,6198,"tags=47%, list=29%, signal=33%",NEU1/MAN2B2/HEXA/FUCA1/GBA2/MAN2B1/NEU4
hsa05140,Leishmaniasis,69,0.35866252585904634,1.134341099837654,0.2668112798264642,0.6053855935372877,0.484230997870171,2774,"tags=25%, list=13%, signal=22%",ITGA4/HLA-DRA/PRKCB/HLA-DPB1/HLA-DRB5/TLR4/HLA-DOA/HLA-DPA1/HLA-DMB/IL12B/HLA-DQB2/FCGR2A/FCGR2C/HLA-DQA2/HLA-DMA/CYBB/HLA-DRB1
hsa04966,Collecting duct acid secretion,22,-0.3306990166177654,-1.113525952755661,0.270935960591133,0.610533774208786,0.4883488835456616,3207,"tags=27%, list=15%, signal=23%",ATP6V1F/ATP6V0E2/ATP6V0C/TCIRG1/ATP6V0E1/SLC12A7
hsa05161,Hepatitis B,138,-0.21641842775637923,-1.0402813081660693,0.28977142682055856,0.6485360505031549,0.5187458410679531,3153,"tags=24%, list=15%, signal=21%",NFATC2/IKBKG/BID/BAD/ELK1/GRB2/PIK3CD/CASP9/CCNE1/IRF3/ATF4/ATP6AP1/FADD/PRKCG/CREB3/CDKN1A/TICAM1/CXCL8/IRAK1/JUN/RELA/HRAS/MMP9/MAP2K1/MAPK11/MYC/STAT5A/NFKBIA/AKT2/TLR2/IFNB1/NFATC1/TNF
hsa03273,Virion - Lassa virus and SFTS virus,13,0.48759978091506173,1.1491806731363043,0.29296875,0.6512616131756757,0.5209259423897582,4931,"tags=46%, list=23%, signal=36%",PCDH11X/MYH10/PCDH9/CD209/TFRC/PCDH11Y
hsa04136,Autophagy - other,28,-0.3090426182061858,-1.1102948140024456,0.30177514792899407,0.6663357293197252,0.5329833061267999,5807,"tags=57%, list=27%, signal=42%",ATG13/PPP2CB/ATG12/RPTOR/ATG5/ATG4D/ATG9A/ATG16L1/ATG4B/GABARAPL1/GABARAP/ATG2A/MLST8/ATG9B/ATG7/ATG101
hsa04371,Apelin signaling pathway,126,0.3274560730975039,1.0948186805019047,0.30691056910569103,0.6731571815718157,0.538439594922265,4697,"tags=25%, list=22%, signal=19%",PPARGC1A/SPP1/PIK3CG/GNG2/RYR2/MYLK4/ADCY2/ACTA2/MYLK/PIK3R6/PLCB4/GNGT2/ADCY8/SLC8A3/PIK3C3/RYR3/MYL4/PLAT/ITPR1/PRKAG3/APLNR/APELA/GNG7/APLN/ADCY1/NOTCH3/PRKAA2/ADCY10/MEF2C/SLC8A2/PDE3B
hsa04960,Aldosterone-regulated sodium reabsorption,26,-0.3093443752418024,-1.0896713602973174,0.32,0.6972185430463576,0.5576856047403277,1058,"tags=23%, list=5%, signal=22%",PIK3CD/PRKCG/HSD11B2/SCNN1B/SFN/SCNN1G
hsa04930,Type II diabetes mellitus,42,-0.2706267953731591,-1.0837254443895619,0.32558139534883723,0.7047123623011016,0.5636797010887071,2857,"tags=29%, list=13%, signal=25%",IRS2/MAFA/PIK3CD/PRKCD/SOCS2/SOCS3/PDX1/PRKCZ/KCNJ11/SOCS1/CACNA1B/TNF
hsa00310,Lysine degradation,59,0.3490584397244992,1.088839162150788,0.33986928104575165,0.7308300226408646,0.5845704868347982,6724,"tags=31%, list=31%, signal=21%",AASS/PRDM9/MECOM/BBOX1/PRDM6/PIPOX/SETD7/PRDM7/KMT2C/SETD2/ASH1L/EHHADH/KMT2E/ALDH7A1/SETDB2/SUV39H2/SMYD1/HADH
hsa00061,Fatty acid biosynthesis,17,0.4363757875564738,1.086599795760526,0.36103896103896105,0.7671978235522736,0.6136600732301021,4731,"tags=29%, list=22%, signal=23%",OXSM/OLAH/ACSBG1/ACSL1/ACACA
hsa03320,PPAR signaling pathway,63,-0.24867061588849237,-1.0596475904985772,0.3614457831325301,0.7671978235522736,0.6136600732301021,1563,"tags=14%, list=7%, signal=13%",CPT1A/ILK/MMP1/APOA1/ME1/PLIN2/OLR1/ANGPTL4/FABP5
hsa00601,Glycosphingolipid biosynthesis - lacto and neolacto series,26,0.391872878058671,1.0750104554092177,0.38331318016928656,0.7981647865550334,0.6384296804951476,1365,"tags=19%, list=6%, signal=18%",ABO/B3GALT2/ST3GAL6/FUT9/ST8SIA1
hsa00591,Linoleic acid metabolism,22,0.40729957115160037,1.0722854514302527,0.3829787234042553,0.7981647865550334,0.6384296804951476,5792,"tags=41%, list=27%, signal=30%",CYP2J2/CYP2C9/CYP2C19/PLA2G4A/CYP2C8/PLA2G5/CYP2E1/PLA2G12A/CYP3A4
hsa04120,Ubiquitin mediated proteolysis,128,-0.21899700071252773,-1.0230830439380363,0.3831267678444296,0.7981647865550334,0.6384296804951476,4654,"tags=30%, list=21%, signal=23%",UBE2S/COP1/PIAS3/FZR1/UBE2A/DDB1/UBE2C/SAE1/UBE2E1/UBE2D2/UBE2E2/UBOX5/UBE2B/SMURF1/UBE2D4/ANAPC16/PIAS4/UBB/KEAP1/UBE2Q1/UBE2R2/UBE2M/VHL/UBC/RPS27A/UBE2Z/UBE2J2/RNF7/UBE2I/ANAPC11/SOCS3/CDC34/BIRC3/SOCS1/ELOB/CBLC/FBXO2/BIRC7
hsa00350,Tyrosine metabolism,24,0.39458465258422964,1.0626130054879308,0.3916256157635468,0.8002784322124653,0.6401203265177293,2546,"tags=17%, list=12%, signal=15%",DCT/MAOB/MAOA/ADH6
hsa04151,PI3K-Akt signaling pathway,298,0.29792138770597193,1.0357926248811895,0.39,0.8002784322124653,0.6401203265177293,2734,"tags=16%, list=13%, signal=14%",ITGA4/FN1/SPP1/COL6A3/PIK3CG/EGF/THBS4/GHR/GNG2/LAMA4/TNC/ITGA11/FGF10/GDNF/RELN/PDGFRB/THBS2/PRLR/SYK/LPAR4/TLR4/COL4A3/IL7R/KITLG/FGF7/NTRK2/NTF3/TEK/TCL1A/COL6A5/IL6/PPP2R2B/ARTN/PIK3R6/KIT/PPP2R3A/FGF9/GNGT2/FLT3/VEGFD/ANGPT1/TGFA/IBSP/THBS1/FGF1/TNR/SGK2
hsa04141,Protein processing in endoplasmic reticulum,149,-0.20216476037861228,-1.0341978256583053,0.3907901905024868,0.8002784322124653,0.6401203265177293,4823,"tags=31%, list=22%, signal=24%",HSPBP1/UFD1/OS9/SSR2/SEC23B/HYOU1/PREB/SEC61B/MOGS/CAPN2/RNF185/TMEM258/DAD1/LMAN2/UBE2D2/UBE2D4/XBP1/DNAJB1/NPLOC4/VCP/SVIP/EDEM2/DDIT3/UBQLN4/HERPUD1/RNF5/SELENOS/DERL2/ATF4/TRAF2/SEC61G/DNAJB2/UBE2J2/NSFL1C/SSR4/PPP1R15A/BCAP31/HSPA1B/HSPA1A/DNAJC5/BAK1/CRYAA/HSPA6/FBXO2/DERL3/FBXO6
hsa00052,Galactose metabolism,25,0.3858672463385331,1.0512896622484629,0.40314769975786924,0.812367966199347,0.6497904064944385,1858,"tags=12%, list=9%, signal=11%",MGAM2/MGAM/HK3
hsa04340,Hedgehog signaling pathway,49,0.3457068315402507,1.0502024729374912,0.4049493813273341,0.812367966199347,0.6497904064944385,7954,"tags=45%, list=37%, signal=29%",LRP2/EVC2/BOC/GAS1/SMO/GLI3/HHIP/CDON/GPR161/HHATL/CSNK1A1L/GSK3B/PTCH2/CSNK1G3/CSNK1G1/IHH/KIF3A/CCND2/BCL2/DHH/DISP1/HHAT
hsa04913,Ovarian steroidogenesis,40,0.35641984490552947,1.0481981679766086,0.4046511627906977,0.812367966199347,0.6497904064944385,5730,"tags=35%, list=26%, signal=26%",CYP2J2/ADCY2/AKR1C3/CYP17A1/PLA2G4A/HSD17B2/ADCY8/CYP19A1/CGA/ADCY1/CYP11A1/FSHR/HSD3B2/PTGS2
hsa00360,Phenylalanine metabolism,11,0.4672006306542219,1.0533917874559713,0.41970310391363025,0.8218055164649593,0.6573392388937443,1276,"tags=18%, list=6%, signal=17%",MAOB/MAOA
hsa03265,"Virion - Ebolavirus, Lyssavirus and Morbillivirus",12,0.45492653364883245,1.050972068330903,0.4227212681638045,0.8218055164649593,0.6573392388937443,4614,"tags=42%, list=21%, signal=33%",NCAM2/NCAM1/CHRNA1/CD209/CD46
hsa04710,Circadian rhythm,29,0.3745443492994007,1.0445391167253846,0.4246411483253589,0.8218055164649593,0.6573392388937443,4198,"tags=21%, list=19%, signal=17%",RORB/RORA/RORC/PRKAG3/PER3/PRKAA2
hsa04929,GnRH secretion,58,0.33433267097579644,1.040781825330375,0.42311886586695746,0.8218055164649593,0.6573392388937443,3868,"tags=24%, list=18%, signal=20%",SPP1/PRKCB/TRPC4/CACNA1C/ESR2/KCNJ6/KCNN2/PLCB4/TRPC5/GNRH2/CGA/GNRH1/ITPR1/CACNA1I
hsa00260,"Glycine, serine and threonine metabolism",33,-0.27528455264899165,-1.0277767778461255,0.41721854304635764,0.8218055164649593,0.6573392388937443,3500,"tags=30%, list=16%, signal=25%",SHMT2/BPGM/GCAT/GRHPR/PSAT1/PSPH/ALAS1/PHGDH/CBS/CHDH
hsa04066,HIF-1 signaling pathway,98,0.3142666287508134,1.0254466983797206,0.421218487394958,0.8218055164649593,0.6573392388937443,2680,"tags=15%, list=12%, signal=13%",LTBR/PRKCB/EGF/TLR4/TEK/IL6/NPPA/LDHAL6A/EGLN3/TF/HK3/ANGPT1/LDHAL6B/HIF1A/CYBB
hsa00640,Propanoate metabolism,30,0.3750651819280252,1.0535050494354743,0.430622009569378,0.8285066733820197,0.6626993068165252,5834,"tags=30%, list=27%, signal=22%",ACSS3/LDHAL6A/LDHAL6B/ABAT/ACACA/EHHADH/ALDH6A1/DBT/PCCA
hsa04912,GnRH signaling pathway,80,0.3189639177387389,1.0213636758629967,0.44623655913978494,0.8535571392848212,0.6827364735920823,4628,"tags=21%, list=21%, signal=17%",PRKCB/MAPK10/CACNA1C/ADCY2/GNRHR/PLA2G4A/MAP2K6/PLCB4/ADCY8/GNRH2/MMP14/CGA/GNRH1/ITPR1/ADCY1/MMP2/MAP3K2
hsa04970,Salivary secretion,75,0.31968683235200834,1.0232730584709784,0.45230439442658094,0.8564372142661416,0.6850401649865155,4315,"tags=32%, list=20%, signal=26%",GUCY1B1/PRKCB/AMY2B/PRKG2/LYZ/GUCY1A1/ADCY2/GUCY1A2/PLCB4/ADCY8/ATP1A2/PRH2/RYR3/PRKG1/DMBT1/PRB1/MUC7/ATP1B2/ATP2B1/ITPR1/HTN3/ADCY1/CD38/PRB2
hsa00340,Histidine metabolism,21,0.38969642072074906,1.019075507715951,0.45294855708908405,0.8564372142661416,0.6850401649865155,7606,"tags=43%, list=35%, signal=28%",ASPA/MAOB/MAOA/AOC1/HAL/ALDH7A1/ALDH3B1/CARNMT1/FTCD
hsa01200,Carbon metabolism,103,-0.20296791058134164,-0.9606552919773519,0.46291068824914305,0.8702720939083889,0.6961062981190123,5634,"tags=37%, list=26%, signal=27%",SDHD/ACOX3/IDH2/PCCB/MDH2/HIBCH/PGAM4/GLYCTK/TKT/GLUD2/PGP/ACAT2/GLUD1/PGD/PGK1/PFKP/ACSS1/IDNK/ALDOA/PRPS1/ECHS1/SHMT2/GPI/SDHC/SUCLG1/ENO2/ENO1/IDH3B/ENO3/PSAT1/PSPH/GPT2/IDH3G/PHGDH/TALDO1/G6PD/ACADS/ME1
hsa04720,Long-term potentiation,52,0.3316619295139195,1.0103361827536945,0.470917225950783,0.8802941326011796,0.7041226464575104,4064,"tags=23%, list=19%, signal=19%",PRKCB/RPS6KA6/CACNA1C/PLCB4/ADCY8/GRIA2/GRIN2B/GRIA1/ITPR1/GRM1/ADCY1/PPP1R1A
hsa00590,Arachidonic acid metabolism,50,0.33183636044425047,1.009861912326311,0.47374301675977654,0.8805731780450085,0.7043458471004707,1884,"tags=18%, list=9%, signal=16%",CYP4F2/CYP2J2/CYP4F3/CYP2C9/AKR1C3/CYP2C19/PLA2G4A/CYP2U1/CYP2C8
hsa00250,"Alanine, aspartate and glutamate metabolism",32,0.3505018029375564,1.0004401015143352,0.4788732394366197,0.8851084032283588,0.7079734468311941,3927,"tags=22%, list=18%, signal=18%",ASPA/CPS1/GAD2/DDO/GLUL/ABAT/ALDH5A1
hsa05145,Toxoplasmosis,101,0.30385162348051753,0.9968393162158318,0.4896265560165975,0.8932239752425433,0.7144648658155042,2872,"tags=18%, list=13%, signal=16%",HLA-DRA/PIK3CG/LAMA4/HLA-DPB1/MAPK10/HLA-DRB5/TLR4/HLA-DOA/HLA-DPA1/HLA-DMB/IL12B/HLA-DQB2/PIK3R6/MAP2K6/HLA-DQA2/HLA-DMA/HLA-DRB1/CCR5
hsa00600,Sphingolipid metabolism,45,-0.243748045209796,-0.9891413388533848,0.49137931034482757,0.8932239752425433,0.7144648658155042,1724,"tags=38%, list=8%, signal=35%",PLPP3/PLPP1/SMPD4/HEXA/CERS5/CERS1/PSAP/PLPP2/GBA2/CERS2/GM2A/SPHK1/DEGS2/GLA/SMPD2/NEU4/PSAPL1
hsa04979,Cholesterol metabolism,42,0.33181545975978854,0.9856682476985459,0.49140893470790376,0.8932239752425433,0.7144648658155042,2035,"tags=17%, list=9%, signal=15%",LPL/LRP2/CYP27A1/LIPC/ABCA1/CD36/CIDEB
hsa00514,Other types of O-glycan biosynthesis,43,0.32879837040705806,0.9802274520036709,0.505720823798627,0.9141876430205951,0.7312331171177372,1103,"tags=9%, list=5%, signal=9%",GALNT17/GALNT13/GALNTL6/GALNT14
hsa03450,Non-homologous end-joining,10,0.4499130073825342,0.9934957380989058,0.510958904109589,0.9186091773336327,0.7347697787023137,8901,"tags=60%, list=41%, signal=35%",PRKDC/RAD50/LIG4/XRCC4/DCLRE1C/MRE11
hsa04310,Wnt signaling pathway,151,0.29561565835383175,1.0007386732822046,0.5156723963599595,0.9220446652305798,0.7375177293477684,3339,"tags=19%, list=15%, signal=16%",CTNND2/APCDD1L/PRKCB/APCDD1/RNF43/MCC/DKK2/MAPK10/DAAM2/NFATC4/VANGL2/GPC4/PRICKLE2/CCN4/FZD3/PLCB4/WNT8B/RSPO3/SFRP4/LRP6/DAAM1/APC/LEF1/CXXC4/FRZB/FZD10/TBL1Y/CER1/LGR5
hsa04920,Adipocytokine signaling pathway,62,-0.23154151892986485,-0.9869754551210241,0.5232558139534884,0.925543885971493,0.7403166581118965,1563,"tags=21%, list=7%, signal=20%",IRS2/PRKAB1/PCK1/TRAF2/CPT1A/SOCS3/RELA/NFKBIB/NFKBIA/AKT2/NFKBIE/TNF/TNFRSF1B
hsa04964,Proximal tubule bicarbonate reclamation,19,0.37900568124958733,0.9701231634190607,0.5221799746514575,0.925543885971493,0.7403166581118965,3308,"tags=16%, list=15%, signal=13%",SLC4A4/ATP1A2/ATP1B2
hsa04810,Regulation of actin cytoskeleton,197,0.2893841781482698,0.9911415192197699,0.5317220543806647,0.9255902428107866,0.7403537376506053,5823,"tags=25%, list=27%, signal=19%",ITGA4/FN1/PAK3/VAV3/EGF/ITGA11/FGF10/ARHGEF6/PDGFRB/PIP5K1B/LPAR4/TMSB4Y/MYLK4/PAK5/FGF7/BDKRB2/MYLK/CYFIP2/FGF9/MYH10/C8B/FGF1/APC/CHRM2/ITGB7/SPATA13/ACTR3C/C9/DOCK1/F2R/FGF23/ITGA8/C7/ITGA1/ARHGEF12/C5/ROCK1/PDGFRA/PIK3R1/CHRM1/PPP1R12B/ARHGAP35/SCIN/SOS2/RAC2/IQGAP1/PPP1R12A/AKT3/LPAR1/TIAM1
hsa04725,Cholinergic synapse,102,0.29689534548468105,0.9750307525964047,0.5268595041322314,0.9255902428107866,0.7403537376506053,5794,"tags=28%, list=27%, signal=21%",KCNQ3/PIK3CG/PRKCB/GNG2/CACNA1C/KCNJ2/ADCY2/CHRNA6/KCNJ6/PIK3R6/CACNA1A/PLCB4/GNGT2/ADCY8/CHRM2/ITPR1/CREB3L2/GNG7/ADCY1/SLC18A3/PIK3R1/CHRM1/JAK2/KCNJ4/CHRNA7/CHAT/KCNJ18/AKT3/KCNJ3
hsa00515,Mannose type O-glycan biosynthesis,22,0.3696827028110218,0.9732526423950664,0.5294117647058824,0.9255902428107866,0.7403537376506053,1508,"tags=14%, list=7%, signal=13%",FUT9/LARGE1/B3GAT1
hsa04728,Dopaminergic synapse,117,0.29226086884094143,0.9707369033914048,0.5423901940755873,0.9391914413203591,0.7512329557833619,3778,"tags=19%, list=17%, signal=16%",PRKCB/GNG2/MAPK10/CACNA1C/MAOB/KIF5C/MAOA/KCNJ6/PPP2R2B/CACNA1A/PLCB4/PPP2R3A/GNGT2/SLC18A2/GRIA2/SCN1A/GRIN2B/GRIA1/ITPR1/DRD2/CREB3L2/GNG7
hsa03008,Ribosome biogenesis in eukaryotes,73,-0.2247649755278764,-0.9780273842401884,0.5753424657534246,0.94596414967257,0.7566502556971445,6596,"tags=48%, list=30%, signal=34%",DKC1/RPP38/EMG1/SNORD3D/NXT2/GNL3L/RRP7A/UTP18/REXO2/UTP14A/RMRP/RAN/SNORD3C/NHP2/REXO1/RPP25L/SNORD3A/SNU13/IMP4/TBL3/NOP56/CSNK2B/POP4/POP7/AK6/NOB1/RPP40/SNORD3B-1/EIF6/NXT1/NOP10/FBLL1/SNORD3B-2/FBL/RPP25
hsa04658,Th1 and Th2 cell differentiation,84,0.29993764941263756,0.9681522112705826,0.5555555555555556,0.94596414967257,0.7566502556971445,3458,"tags=24%, list=16%, signal=20%",HLA-DRA/MAF/HLA-DPB1/MAPK10/HLA-DRB5/STAT4/HLA-DOA/IL12RB2/CD4/HLA-DPA1/HLA-DMB/IL12B/PRKCQ/HLA-DQB2/HLA-DQA2/HLA-DMA/HLA-DRB1/MAML2/IL5/IL12A
hsa04659,Th17 cell differentiation,96,0.2948024003011367,0.9619847604647108,0.5627615062761506,0.94596414967257,0.7566502556971445,2976,"tags=21%, list=14%, signal=18%",HLA-DRA/HLA-DPB1/MAPK10/HLA-DRB5/HLA-DOA/IL21R/CD4/HLA-DPA1/IL6/HLA-DMB/PRKCQ/HLA-DQB2/RORA/IRF4/HLA-DQA2/HLA-DMA/HIF1A/HLA-DRB1/IL1RAP/RORC
hsa04721,Synaptic vesicle cycle,70,0.30272218196090617,0.959436998914698,0.5664864864864865,0.94596414967257,0.7566502556971445,5519,"tags=27%, list=25%, signal=20%",SLC1A1/SLC6A1/SLC1A3/SLC6A11/RIMS1/UNC13C/DNM3/CACNA1A/SLC18A2/ATP6V1A/SLC1A2/SLC18A3/SNAP25/CPLX3/ATP6V1G3/CLTC/NSF/RAB3A/ATP6V0A4
hsa05110,Vibrio cholerae infection,46,-0.23146342955488539,-0.951923334927347,0.5546218487394958,0.94596414967257,0.7566502556971445,5078,"tags=35%, list=23%, signal=27%",KDELR1/ATP6V1C2/KDELR3/SEC61B/ATP6V1F/ARF1/ACTG1/ATP6V0E2/KDELR2/ATP6V0C/TCIRG1/ATP6AP1/ATP6V0B/SEC61G/ATP6V0E1/KCNQ1
hsa00983,Drug metabolism - other enzymes,51,-0.22972766351386303,-0.9515566359508585,0.5727272727272728,0.94596414967257,0.7566502556971445,4409,"tags=39%, list=20%, signal=31%",ITPA/TK1/MGST3/UCKL1/UCK2/GSTT2B/TPMT/HPRT1/GSTM3/UPB1/GSTP1/CDA/NME1/IMPDH1/NME2/NME1-NME2/GSTO1/TYMP/NME3/UPP1
hsa05223,Non-small cell lung cancer,66,0.3014063440266172,0.949734153041844,0.56941431670282,0.94596414967257,0.7566502556971445,1348,"tags=11%, list=6%, signal=10%",RARB/CDKN2A/PRKCB/EGF/FHIT/KIF5C/ALK
hsa00510,N-Glycan biosynthesis,49,0.31242141688365804,0.9490866673013696,0.5534308211473565,0.94596414967257,0.7566502556971445,679,"tags=6%, list=3%, signal=6%",MAN1C1/TUSC3/MGAT4A
hsa00533,Glycosaminoglycan biosynthesis - keratan sulfate,14,0.39845223776053157,0.9486699883529741,0.5583554376657824,0.94596414967257,0.7566502556971445,1046,"tags=14%, list=5%, signal=14%",CHST6/CHST4
hsa05144,Malaria,44,0.3136050458873294,0.9381525234374454,0.5779294653014789,0.94596414967257,0.7566502556971445,3583,"tags=34%, list=16%, signal=29%",THBS4/GYPC/KLRK1/THBS2/TLR4/IL6/KLRC4-KLRK1/CD36/PECAM1/ACKR1/SDC2/THBS1/HBB/IL12A/HGF
hsa00785,Lipoic acid metabolism,18,0.3701409651031076,0.9352068663974161,0.5730918499353169,0.94596414967257,0.7566502556971445,7287,"tags=22%, list=34%, signal=15%",OGDHL/DBT/PDHA2/BCKDHB
hsa00970,Aminoacyl-tRNA biosynthesis,41,-0.23717951051636121,-0.9407354713314857,0.5827338129496403,0.9491060616853052,0.7591633832069312,14085,"tags=29%, list=65%, signal=10%",GATC/PARS2/GARS1/NARS2/HARS2/PSTK/AARS1/SARS1/YARS2/SARS2/YARS1/CARS1
hsa04925,Aldosterone synthesis and secretion,83,0.2934888069391216,0.9442617044371661,0.5890557939914163,0.9546766316412608,0.7636191262528083,5612,"tags=24%, list=26%, signal=18%",PRKCB/CACNA1C/CYP21A2/ADCY2/NPPA/PLCB4/ADCY8/AGT/ATP1A2/ATP1B2/ATP2B1/ITPR1/CREB3L2/CACNA1I/ADCY1/ATP2B2/CYP11A1/PRKD3/HSD3B2/PRKD1
hsa05340,Primary immunodeficiency,27,0.33343904552818526,0.9204869201382234,0.5956678700361011,0.9606604374601827,0.7684054051033297,4657,"tags=33%, list=21%, signal=26%",IL7R/CD4/PTPRC/BTK/BLNK/RFXAP/CIITA/ICOS/CD3D
hsa00230,Purine metabolism,116,0.2837908551152644,0.9410837670325982,0.601842374616172,0.9621008305064921,0.7695575351995618,3964,"tags=18%, list=18%, signal=15%",PDE1C/PDE3A/GUCY1B1/PDE1B/FHIT/PDE1A/GUCY1A1/ADCY2/PDE11A/GUCY1A2/ENPP3/PDE6C/ADCY8/PDE5A/ENTPD1/PDE7B/ALLC/PDE7A/NT5C1A/GUCY2F/ADCY1
hsa01210,2-Oxocarboxylic acid metabolism,30,-0.2538881390628341,-0.9256880893479372,0.6024096385542169,0.9621008305064921,0.7695575351995618,3301,"tags=20%, list=15%, signal=17%",BCAT2/IDH3B/GPT2/IDH3G/NAGS/BCAT1
hsa00330,Arginine and proline metabolism,45,-0.2288418626975834,-0.9286513303504147,0.6206896551724138,0.9680893023721725,0.7743475462903316,1773,"tags=18%, list=8%, signal=16%",ODC1/SMOX/CNDP2/SAT1/PYCR1/AGMAT/P4HA3/CKB
hsa03250,Viral life cycle - HIV-1,62,0.29298345389080616,0.9180235470471108,0.6157205240174672,0.9680893023721725,0.7743475462903316,6831,"tags=31%, list=31%, signal=21%",BST2/CD4/MAP1A/MX1/MX2/MLLT3/APOBEC3H/CCR5/RANBP2/PSIP1/MAP1B/SAMHD1/MDFIC/AFF4/BICD1/KAT2B/CCNT1/BICD2/NUP153
hsa00120,Primary bile acid biosynthesis,15,0.3719856317315401,0.8997934962455157,0.6208718626155878,0.9680893023721725,0.7743475462903316,6512,"tags=40%, list=30%, signal=28%",CYP7B1/CYP27A1/AKR1C4/BAAT/AKR1D1/ACOX2
hsa04530,Tight junction,154,-0.17645075128233445,-0.8992778323022107,0.6129823006958133,0.9680893023721725,0.7743475462903316,2970,"tags=18%, list=14%, signal=15%",ARPC4/TJAP1/ARPC1A/PRKAB1/CLDN14/F11R/EZR/ARHGEF18/AMOTL2/ARPC1B/CLDN19/ACTN4/JUN/LLGL2/CCND1/PARD6B/PRKCZ/CLDN9/PARD6A/GATA4/CLDN1/CLDN6/CLDN18/CLDN3/CRB3/CLDN4/CLDN7
hsa00531,Glycosaminoglycan degradation,17,0.36083226300332066,0.8984922501743416,0.6155844155844156,0.9680893023721725,0.7743475462903316,2256,"tags=12%, list=10%, signal=11%",HPSE2/HYAL1
hsa04613,Neutrophil extracellular trap formation,156,-0.18638559687871764,-0.9615547159464365,0.638713111368498,0.9792834426555356,0.7833014258962852,3321,"tags=19%, list=15%, signal=16%",HDAC11/H2BC4/H2BC14/PPIF/H2AB3/H3-5/PIK3CD/VDAC2/ITGB2/ITGAL/PRKCG/H2AB2/ATG7/H2AC4/AZU1/RELA/H3C11/H2AB1/MAP2K1/MAPK11/ITGAM/H4C13/GP1BA/AKT2/CAMP/TLR2/NCF4/CYBA/H2AJ
hsa04012,ErbB signaling pathway,76,0.284769726037201,0.9136436839963042,0.6399572649572649,0.9792834426555356,0.7833014258962852,3075,"tags=14%, list=14%, signal=12%",PAK3/PRKCB/EGF/NRG3/MAPK10/SHC4/PAK5/BTC/TGFA/ERBB4/NRG4
hsa00860,Porphyrin metabolism,26,0.3234990197598125,0.8874429643593869,0.6384522370012092,0.9792834426555356,0.7833014258962852,2051,"tags=12%, list=9%, signal=10%",HEPH/UGT1A10/HEPHL1
hsa00603,Glycosphingolipid biosynthesis - globo and isoglobo series,16,0.3624342113241714,0.8862257204403534,0.6381578947368421,0.9792834426555356,0.7833014258962852,1365,"tags=19%, list=6%, signal=18%",ABO/FUT9/ST8SIA1
hsa00565,Ether lipid metabolism,39,0.3059328233384468,0.8962829339081131,0.6476744186046511,0.9865040913006029,0.7890770207171677,1909,"tags=10%, list=9%, signal=9%",ENPP2/UGT8/PLA2G4A/ENPP6
